,link,name
0,https://www.mountainproject.com/area/112090092/the-poppy-wall,the-poppy-wall
1,https://www.mountainproject.com/area/112092595/the-tallgrass-sector,the-tallgrass-sector
2,https://www.mountainproject.com/area/107872590/johns-wall,johns-wall
3,https://www.mountainproject.com/area/107286169/little-germany,little-germany
4,https://www.mountainproject.com/area/107286175/little-tijuana,little-tijuana
5,https://www.mountainproject.com/area/107286190/lost-city,lost-city
6,https://www.mountainproject.com/area/107286210/pratteville,pratteville
7,https://www.mountainproject.com/area/107286199/vice-grips,vice-grips
8,https://www.mountainproject.com/area/112326104/cosmic-corridor,cosmic-corridor
9,https://www.mountainproject.com/area/112325979/fiddleback-wall,fiddleback-wall
10,https://www.mountainproject.com/area/112326029/midten,midten
11,https://www.mountainproject.com/area/112325918/the-castle-walls,the-castle-walls
12,https://www.mountainproject.com/area/112326055/the-cave,the-cave
13,https://www.mountainproject.com/area/106836889/crux-wall,crux-wall
14,https://www.mountainproject.com/area/106498224/cub-scout-wall,cub-scout-wall
15,https://www.mountainproject.com/area/105929176/disease-wall,disease-wall
16,https://www.mountainproject.com/area/105929192/little-to-nothing-wall,little-to-nothing-wall
17,https://www.mountainproject.com/area/105929232/pepsi-wall,pepsi-wall
18,https://www.mountainproject.com/area/105929183/picnic-wall,picnic-wall
19,https://www.mountainproject.com/area/105929131/stump-wall,stump-wall
20,https://www.mountainproject.com/area/105929165/troop-wall,troop-wall
21,https://www.mountainproject.com/area/108384725/east-chandler,east-chandler
22,https://www.mountainproject.com/area/105929121/upper-chandler-park-main-area,upper-chandler-park-main-area
23,https://www.mountainproject.com/area/105992709/main-dam-bluffs,main-dam-bluffs
24,https://www.mountainproject.com/area/110402298/the-penitentiary,the-penitentiary
25,https://www.mountainproject.com/area/113902270/the-meadows,the-meadows
26,https://www.mountainproject.com/area/113700679/the-water-front,the-water-front
27,https://www.mountainproject.com/area/107122890/southern-roadside-wall,southern-roadside-wall
28,https://www.mountainproject.com/area/113914435/breakfast-boulders,breakfast-boulders
29,https://www.mountainproject.com/area/112091749/for-the-alliance-boulder,for-the-alliance-boulder
30,https://www.mountainproject.com/area/112089895/for-the-horde-boulder,for-the-horde-boulder
31,https://www.mountainproject.com/area/113914578/the-seven-deadly-sends,the-seven-deadly-sends
32,https://www.mountainproject.com/area/107123022/north-rim-south-rim-bluff,north-rim-south-rim-bluff
33,https://www.mountainproject.com/area/107123016/scenic-overlook-bluffs,scenic-overlook-bluffs
34,https://www.mountainproject.com/area/112485375/45-wall-powerchaos,45-wall-powerchaos
35,https://www.mountainproject.com/area/106088702/a,a
36,https://www.mountainproject.com/area/106117127/its-a-cliffband,its-a-cliffband
37,https://www.mountainproject.com/area/105866101/atlantic,atlantic
38,https://www.mountainproject.com/area/107644419/backside,backside
39,https://www.mountainproject.com/area/105986547/backside-boulders,backside-boulders
40,https://www.mountainproject.com/area/112375719/black-buttress-boulder,black-buttress-boulder
41,https://www.mountainproject.com/area/112375606/gill-boulder,gill-boulder
42,https://www.mountainproject.com/area/105866094/headwall,headwall
43,https://www.mountainproject.com/area/112375752/heelhook-boulder,heelhook-boulder
44,https://www.mountainproject.com/area/105986520/munge-lunge-boulder,munge-lunge-boulder
45,https://www.mountainproject.com/area/112375643/run-and-jump-boulder,run-and-jump-boulder
46,https://www.mountainproject.com/area/105866044/sea-of-screams,sea-of-screams
47,https://www.mountainproject.com/area/105866107/snakes-head-s-wall,snakes-head-s-wall
48,https://www.mountainproject.com/area/105866097/south-america,south-america
49,https://www.mountainproject.com/area/105987044/stray-cats-wall,stray-cats-wall
50,https://www.mountainproject.com/area/111751543/the-grunt-chamber,the-grunt-chamber
51,https://www.mountainproject.com/area/108481007/warm-up-boulder,warm-up-boulder
52,https://www.mountainproject.com/area/105866104/watch-me-wall,watch-me-wall
53,https://www.mountainproject.com/area/111364039/whale-boulder,whale-boulder
54,https://www.mountainproject.com/area/108373376/devils-slide,devils-slide
55,https://www.mountainproject.com/area/114066826/dwayne-johnson,dwayne-johnson
56,https://www.mountainproject.com/area/107118209/horse-coral-face,horse-coral-face
57,https://www.mountainproject.com/area/107118191/low-angle-wall-boulder,low-angle-wall-boulder
58,https://www.mountainproject.com/area/107118200/mcalister-elimination-boulder,mcalister-elimination-boulder
59,https://www.mountainproject.com/area/107118186/mushroom-boulder,mushroom-boulder
60,https://www.mountainproject.com/area/108373557/parking-boulders,parking-boulders
61,https://www.mountainproject.com/area/112293712/power-lineoverlook-boulders,power-lineoverlook-boulders
62,https://www.mountainproject.com/area/106626782/crab-eyes-bouldering,crab-eyes-bouldering
63,https://www.mountainproject.com/area/105862398/east-face,east-face
64,https://www.mountainproject.com/area/105862401/west-face,west-face
65,https://www.mountainproject.com/area/108227648/onion-boulder,onion-boulder
66,https://www.mountainproject.com/area/108615923/the-mothership,the-mothership
67,https://www.mountainproject.com/area/108227663/whale-boulder,whale-boulder
68,https://www.mountainproject.com/area/110232722/disco-balls,disco-balls
69,https://www.mountainproject.com/area/111593267/fruit-pit,fruit-pit
70,https://www.mountainproject.com/area/111493636/raid-wall,raid-wall
71,https://www.mountainproject.com/area/112027739/atc-wall,atc-wall
72,https://www.mountainproject.com/area/112027655/robot-rocket,robot-rocket
73,https://www.mountainproject.com/area/112026826/voodoo-wall,voodoo-wall
74,https://www.mountainproject.com/area/105986481/blackout-boulder,blackout-boulder
75,https://www.mountainproject.com/area/113141889/gatekeeper-boulder,gatekeeper-boulder
76,https://www.mountainproject.com/area/105986408/guardian-boulder-aka-a-frame-boulder,guardian-boulder-aka-a-frame-boulder
77,https://www.mountainproject.com/area/107631310/itchy-and-scratchys-roof,itchy-and-scratchys-roof
78,https://www.mountainproject.com/area/105986530/jungle-boulders,jungle-boulders
79,https://www.mountainproject.com/area/113040320/overseer-boulder,overseer-boulder
80,https://www.mountainproject.com/area/105986539/the-attic,the-attic
81,https://www.mountainproject.com/area/105986656/the-smoking-section,the-smoking-section
82,https://www.mountainproject.com/area/112840246/appetizer-boulder,appetizer-boulder
83,https://www.mountainproject.com/area/106079386/gorrila-arm-boulder,gorrila-arm-boulder
84,https://www.mountainproject.com/area/106079389/one-arm-boulder,one-arm-boulder
85,https://www.mountainproject.com/area/106079380/steak-dinner-boulder,steak-dinner-boulder
86,https://www.mountainproject.com/area/106627498/upstream-boulders,upstream-boulders
87,https://www.mountainproject.com/area/105862788/dog-wall,dog-wall
88,https://www.mountainproject.com/area/105862791/moon-rock,moon-rock
89,https://www.mountainproject.com/area/106117862/pyromania-area,pyromania-area
90,https://www.mountainproject.com/area/105862795/snake-pit,snake-pit
91,https://www.mountainproject.com/area/105884037/wintergarden-wall,wintergarden-wall
92,https://www.mountainproject.com/area/105986354/big-whiskey,big-whiskey
93,https://www.mountainproject.com/area/114156773/cedar-rock,cedar-rock
94,https://www.mountainproject.com/area/105862393/crab-eyes,crab-eyes
95,https://www.mountainproject.com/area/112267891/crank-boulder,crank-boulder
96,https://www.mountainproject.com/area/105986472/desperate-dome-desperate-reality-cliff,desperate-dome-desperate-reality-cliff
97,https://www.mountainproject.com/area/108227637/desperate-reality-cliff-bouldering,desperate-reality-cliff-bouldering
98,https://www.mountainproject.com/area/105914624/echo-dome,echo-dome
99,https://www.mountainproject.com/area/110232713/elk-mountain-bouldering,elk-mountain-bouldering
100,https://www.mountainproject.com/area/105883937/elk-slabs,elk-slabs
101,https://www.mountainproject.com/area/105986328/hidden-wall,hidden-wall
102,https://www.mountainproject.com/area/105901638/lost-dome,lost-dome
103,https://www.mountainproject.com/area/108706616/lost-dome-bouldering,lost-dome-bouldering
104,https://www.mountainproject.com/area/112026767/mt-lincoln,mt-lincoln
105,https://www.mountainproject.com/area/106079395/nemos-wall,nemos-wall
106,https://www.mountainproject.com/area/110007218/parking-area-bouldering,parking-area-bouldering
107,https://www.mountainproject.com/area/105866680/pear-and-apple,pear-and-apple
108,https://www.mountainproject.com/area/105986397/pear-and-apple-bouldering,pear-and-apple-bouldering
109,https://www.mountainproject.com/area/112389430/secret-agent-dome,secret-agent-dome
110,https://www.mountainproject.com/area/112835641/signpost-boulders,signpost-boulders
111,https://www.mountainproject.com/area/106078174/steak-dinner-area,steak-dinner-area
112,https://www.mountainproject.com/area/105866711/tiny-bubbles,tiny-bubbles
113,https://www.mountainproject.com/area/105862784/treasure-cove,treasure-cove
114,https://www.mountainproject.com/area/108117557/wapiti-bouldering,wapiti-bouldering
115,https://www.mountainproject.com/area/106426780/west-horizon-pass,west-horizon-pass
116,https://www.mountainproject.com/area/105862435/dream-boat-annie,dream-boat-annie
117,https://www.mountainproject.com/area/106097128/dream-boat-annie-version-20,dream-boat-annie-version-20
118,https://www.mountainproject.com/area/106587247/juji-fruit,juji-fruit
119,https://www.mountainproject.com/area/105862446/lower-mount-scott,lower-mount-scott
120,https://www.mountainproject.com/area/105873198/romper-room,romper-room
121,https://www.mountainproject.com/area/105862442/upper-mount-scott,upper-mount-scott
122,https://www.mountainproject.com/area/105861354/aerial-anticipation,aerial-anticipation
123,https://www.mountainproject.com/area/105862002/leaning-tower,leaning-tower
124,https://www.mountainproject.com/area/105861388/lichen-wall,lichen-wall
125,https://www.mountainproject.com/area/106447451/marlboro-man-wall,marlboro-man-wall
126,https://www.mountainproject.com/area/105862014/meat-slab,meat-slab
127,https://www.mountainproject.com/area/105862018/sunshine-wall,sunshine-wall
128,https://www.mountainproject.com/area/105862009/velouria-boulder,velouria-boulder
129,https://www.mountainproject.com/area/105873121/window-rock-wall,window-rock-wall
130,https://www.mountainproject.com/area/105862005/wizard-wall,wizard-wall
131,https://www.mountainproject.com/area/105860075/zoo-wall,zoo-wall
132,https://www.mountainproject.com/area/109687341/around-darkstar-area,around-darkstar-area
133,https://www.mountainproject.com/area/108996685/dark-star-boulder,dark-star-boulder
134,https://www.mountainproject.com/area/108971366/stack-boulder,stack-boulder
135,https://www.mountainproject.com/area/111574034/the-back-alley,the-back-alley
136,https://www.mountainproject.com/area/111573932/the-bears-den,the-bears-den
137,https://www.mountainproject.com/area/111489173/the-wall,the-wall
138,https://www.mountainproject.com/area/112871048/wild-turkey-boulder,wild-turkey-boulder
139,https://www.mountainproject.com/area/106426609/charons-gardens,charons-gardens
140,https://www.mountainproject.com/area/112023984/forty-foot-hole,forty-foot-hole
141,https://www.mountainproject.com/area/105988275/ice-box-crag,ice-box-crag
142,https://www.mountainproject.com/area/110368961/merlin-crack-area,merlin-crack-area
143,https://www.mountainproject.com/area/105862428/mount-scott,mount-scott
144,https://www.mountainproject.com/area/107086144/parking-lot,parking-lot
145,https://www.mountainproject.com/area/106999236/the-labyrinth,the-labyrinth
146,https://www.mountainproject.com/area/105862422/the-meadows,the-meadows
147,https://www.mountainproject.com/area/105860046/the-narrows,the-narrows
148,https://www.mountainproject.com/area/108971246/the-roadside-boulders,the-roadside-boulders
149,https://www.mountainproject.com/area/106652248/treasure-cove,treasure-cove
150,https://www.mountainproject.com/area/105989672/around-the-corner,around-the-corner
151,https://www.mountainproject.com/area/105989705/black-pearl,black-pearl
152,https://www.mountainproject.com/area/111504407/north-beach,north-beach
153,https://www.mountainproject.com/area/105989659/purgatory,purgatory
154,https://www.mountainproject.com/area/105989708/the-corridor-boulders,the-corridor-boulders
155,https://www.mountainproject.com/area/112812185/the-peninsula-aka-hells-kitchen,the-peninsula-aka-hells-kitchen
156,https://www.mountainproject.com/area/105989695/the-waves,the-waves
157,https://www.mountainproject.com/area/105988510/zen-pen-area,zen-pen-area
158,https://www.mountainproject.com/area/112090064/3-fingers-bay,3-fingers-bay
159,https://www.mountainproject.com/area/107286155/avery-drive-tulsa,avery-drive-tulsa
160,https://www.mountainproject.com/area/112325879/baby-bell,baby-bell
161,https://www.mountainproject.com/area/105915445/chandler-park,chandler-park
162,https://www.mountainproject.com/area/112286099/chilly-creek-lake-atoka,chilly-creek-lake-atoka
163,https://www.mountainproject.com/area/105992706/eufaula-lake,eufaula-lake
164,https://www.mountainproject.com/area/111566925/fort-gibson,fort-gibson
165,https://www.mountainproject.com/area/110402268/hominy,hominy
166,https://www.mountainproject.com/area/107116093/lake-atoka,lake-atoka
167,https://www.mountainproject.com/area/113700651/lake-eucha,lake-eucha
168,https://www.mountainproject.com/area/105920743/lake-tenkiller-dam,lake-tenkiller-dam
169,https://www.mountainproject.com/area/107122871/limestone-gap,limestone-gap
170,https://www.mountainproject.com/area/106485313/little-germany,little-germany
171,https://www.mountainproject.com/area/107123013/mcgee-creek-natural-scenic-recreaton-area,mcgee-creek-natural-scenic-recreaton-area
172,https://www.mountainproject.com/area/106088693/osage-hills,osage-hills
173,https://www.mountainproject.com/area/105854470/quartz-mountain,quartz-mountain
174,https://www.mountainproject.com/area/107118178/robbers-cave-state-park,robbers-cave-state-park
175,https://www.mountainproject.com/area/107122851/round-top-mountain,round-top-mountain
176,https://www.mountainproject.com/area/107992873/sand-springs,sand-springs
177,https://www.mountainproject.com/area/109090296/shotgun,shotgun
178,https://www.mountainproject.com/area/105992583/the-silo,the-silo
179,https://www.mountainproject.com/area/112293669/turkey-mountain,turkey-mountain
180,https://www.mountainproject.com/area/105858670/wichita-wildlife-refuge,wichita-wildlife-refuge
181,https://www.mountainproject.com/area/105988507/zen-pen,zen-pen
