,Unnamed: 0,link,name,hierarchy,route_links
0,0,https://www.mountainproject.com/area/112099727/coad-boulders,coad-boulders,"['https://www.mountainproject.com/area/105994953/ohio', 'https://www.mountainproject.com/area/108160138/athens']","['https://www.mountainproject.com/route/114183635/bar-none', 'https://www.mountainproject.com/route/112099748/fire-in-the-hole', 'https://www.mountainproject.com/route/112099737/pot-o-gold', 'https://www.mountainproject.com/route/112099741/to-slot-or-not']"
1,1,https://www.mountainproject.com/area/108160145/witches-back,witches-back,"['https://www.mountainproject.com/area/105994953/ohio', 'https://www.mountainproject.com/area/108160138/athens']","['https://www.mountainproject.com/route/108161340/bones', 'https://www.mountainproject.com/route/108161328/boulder-1', 'https://www.mountainproject.com/route/108161361/boulder-10-project', 'https://www.mountainproject.com/route/108161398/boulder-13a-project', 'https://www.mountainproject.com/route/108161402/boulder-13b-project', 'https://www.mountainproject.com/route/108161405/boulder-14a-project', 'https://www.mountainproject.com/route/108161421/boulder-15b-project', 'https://www.mountainproject.com/route/108161331/boulder-2', 'https://www.mountainproject.com/route/108161334/boulder-3', 'https://www.mountainproject.com/route/108161352/boulder-8', 'https://www.mountainproject.com/route/108161343/crack-face', 'https://www.mountainproject.com/route/108161370/double-down', 'https://www.mountainproject.com/route/108161408/hand-grenade-14b-project', 'https://www.mountainproject.com/route/108161415/light-show-15a-project', 'https://www.mountainproject.com/route/108161355/the-lightbringer', 'https://www.mountainproject.com/route/108161381/party-cave', 'https://www.mountainproject.com/route/108161367/proctologist', 'https://www.mountainproject.com/route/108161346/rails', 'https://www.mountainproject.com/route/108161337/the-skull']"
2,2,https://www.mountainproject.com/area/108160149/witches-front,witches-front,"['https://www.mountainproject.com/area/105994953/ohio', 'https://www.mountainproject.com/area/108160138/athens']","['https://www.mountainproject.com/route/108160192/50-grit', 'https://www.mountainproject.com/route/108160183/balance-slab', 'https://www.mountainproject.com/route/108161056/boulder-12', 'https://www.mountainproject.com/route/108161067/boulder-14', 'https://www.mountainproject.com/route/108161084/boulder-19', 'https://www.mountainproject.com/route/108161047/boulder-2', 'https://www.mountainproject.com/route/108160163/castles-made-of-sand', 'https://www.mountainproject.com/route/108160170/climbing-class-mantel', 'https://www.mountainproject.com/route/108161077/drew-arete', 'https://www.mountainproject.com/route/108161071/duck-bill', 'https://www.mountainproject.com/route/108160179/french-press', 'https://www.mountainproject.com/route/108160195/key-hole-arete', 'https://www.mountainproject.com/route/108161064/lip-traverse', 'https://www.mountainproject.com/route/108161106/low-blowjoe-project', 'https://www.mountainproject.com/route/108161044/nintendo-thumb-project', 'https://www.mountainproject.com/route/108161081/pillow-fight', 'https://www.mountainproject.com/route/108161103/prego-in-a-dress', 'https://www.mountainproject.com/route/108161100/route-23', 'https://www.mountainproject.com/route/108161050/route-6', 'https://www.mountainproject.com/route/108161053/school-house-crack', 'https://www.mountainproject.com/route/108160187/thumber', 'https://www.mountainproject.com/route/108161097/whale-sex', 'https://www.mountainproject.com/route/108161093/witches-backside', 'https://www.mountainproject.com/route/108161089/witches-brew', 'https://www.mountainproject.com/route/108161074/witches-traverse']"
3,3,https://www.mountainproject.com/area/114804446/off-the-rails,off-the-rails,"['https://www.mountainproject.com/area/105994953/ohio', 'https://www.mountainproject.com/area/108132073/beach-city-nature-preserve', 'https://www.mountainproject.com/area/114804342/dundee-railroad']","['https://www.mountainproject.com/route/114804487/beneath-the-bow', 'https://www.mountainproject.com/route/114804534/killroy', 'https://www.mountainproject.com/route/114805710/warm-up']"
4,4,https://www.mountainproject.com/area/114804352/railroad,railroad,"['https://www.mountainproject.com/area/105994953/ohio', 'https://www.mountainproject.com/area/108132073/beach-city-nature-preserve', 'https://www.mountainproject.com/area/114804342/dundee-railroad']","['https://www.mountainproject.com/route/114804423/far-for-the-short', 'https://www.mountainproject.com/route/114804379/una-pierna']"
5,5,https://www.mountainproject.com/area/108132082/big-wall,big-wall,"['https://www.mountainproject.com/area/105994953/ohio', 'https://www.mountainproject.com/area/108132073/beach-city-nature-preserve']","['https://www.mountainproject.com/route/108132095/blackboard', 'https://www.mountainproject.com/route/108132187/blacktop', 'https://www.mountainproject.com/route/108132106/detension', 'https://www.mountainproject.com/route/108132118/easy-a', 'https://www.mountainproject.com/route/108132184/fire-pit', 'https://www.mountainproject.com/route/108132168/fish-scalesstumps', 'https://www.mountainproject.com/route/108132112/flake-face', 'https://www.mountainproject.com/route/108132158/hornets-nest', 'https://www.mountainproject.com/route/108132177/nipple-routebalance-beam', 'https://www.mountainproject.com/route/108132133/pigs-snout', 'https://www.mountainproject.com/route/108132148/recess', 'https://www.mountainproject.com/route/108132153/recess-crack', 'https://www.mountainproject.com/route/108132174/ripple-route', 'https://www.mountainproject.com/route/108132180/some-roof-crack', 'https://www.mountainproject.com/route/108132193/spare-tire', 'https://www.mountainproject.com/route/108132163/the-swing', 'https://www.mountainproject.com/route/108132089/unknown', 'https://www.mountainproject.com/route/108132127/unknown-2', 'https://www.mountainproject.com/route/108132139/unknown-3', 'https://www.mountainproject.com/route/108132190/unknown-4']"
6,6,https://www.mountainproject.com/area/108132198/dundee-falls-corner,dundee-falls-corner,"['https://www.mountainproject.com/area/105994953/ohio', 'https://www.mountainproject.com/area/108132073/beach-city-nature-preserve']",['https://www.mountainproject.com/route/108132203/hueco-fango']
7,7,https://www.mountainproject.com/area/114804342/dundee-railroad,dundee-railroad,"['https://www.mountainproject.com/area/105994953/ohio', 'https://www.mountainproject.com/area/108132073/beach-city-nature-preserve']",['https://www.mountainproject.com/area/114804446/off-the-rails']
8,8,https://www.mountainproject.com/area/105994254/entrance-boulder,entrance-boulder,"['https://www.mountainproject.com/area/105994953/ohio', 'https://www.mountainproject.com/area/105994179/cascade-elywood-park-elyria']","['https://www.mountainproject.com/route/105995075/mr-hero', 'https://www.mountainproject.com/route/105995081/seams-easy']"
9,9,https://www.mountainproject.com/area/105994257/grey-paint,grey-paint,"['https://www.mountainproject.com/area/105994953/ohio', 'https://www.mountainproject.com/area/105994179/cascade-elywood-park-elyria']",[]
10,10,https://www.mountainproject.com/area/105994260/orogeny,orogeny,"['https://www.mountainproject.com/area/105994953/ohio', 'https://www.mountainproject.com/area/105994179/cascade-elywood-park-elyria']",[]
11,11,https://www.mountainproject.com/area/105994269/the-bulbster-boulder,the-bulbster-boulder,"['https://www.mountainproject.com/area/105994953/ohio', 'https://www.mountainproject.com/area/105994179/cascade-elywood-park-elyria']",['https://www.mountainproject.com/route/106159282/the-club']
12,12,https://www.mountainproject.com/area/105994266/the-quarry,the-quarry,"['https://www.mountainproject.com/area/105994953/ohio', 'https://www.mountainproject.com/area/105994179/cascade-elywood-park-elyria']",[]
13,13,https://www.mountainproject.com/area/113944315/baptismal-fountain,baptismal-fountain,"['https://www.mountainproject.com/area/105994953/ohio', 'https://www.mountainproject.com/area/107883627/cascade-park-elyria']","['https://www.mountainproject.com/route/114067267/alter-boy', 'https://www.mountainproject.com/route/114067911/baptism-of-desire-aka-parish-swagger']"
14,14,https://www.mountainproject.com/area/105995182/downstream,downstream,"['https://www.mountainproject.com/area/105994953/ohio', 'https://www.mountainproject.com/area/105994274/chippewa-creek']","['https://www.mountainproject.com/route/111456560/a-summertime-christmas', 'https://www.mountainproject.com/route/106641839/an-8th-of-crack', 'https://www.mountainproject.com/route/110499541/the-arrow-of-light', 'https://www.mountainproject.com/route/110499525/arrows-edge', 'https://www.mountainproject.com/route/110499583/the-arrowhead', 'https://www.mountainproject.com/route/106641870/big-sky', 'https://www.mountainproject.com/route/110527278/the-egg', 'https://www.mountainproject.com/route/110525906/eco-terrorist', 'https://www.mountainproject.com/route/106641849/feets-of-contortion', 'https://www.mountainproject.com/route/111462938/the-gymnasium', 'https://www.mountainproject.com/route/111456567/icebergs-away', 'https://www.mountainproject.com/route/112192700/jackie-chan', 'https://www.mountainproject.com/route/106641853/left-sauna', 'https://www.mountainproject.com/route/111032923/leopard-slug', 'https://www.mountainproject.com/route/111655963/locker-room', 'https://www.mountainproject.com/route/106641342/los-nuggets', 'https://www.mountainproject.com/route/110525936/monkey-swing', 'https://www.mountainproject.com/route/110527267/the-poo-arete', 'https://www.mountainproject.com/route/111388815/perfect-sunday', 'https://www.mountainproject.com/route/106641845/plans-to-commit-arson', 'https://www.mountainproject.com/route/111462933/the-poo-arete-left', 'https://www.mountainproject.com/route/111876784/power-ranger', 'https://www.mountainproject.com/route/106641858/right-sauna', 'https://www.mountainproject.com/route/110833849/the-rollout-traverse', 'https://www.mountainproject.com/route/110833822/the-rollout', 'https://www.mountainproject.com/route/110830733/shelving-unit', 'https://www.mountainproject.com/route/111400632/the-star-arete', 'https://www.mountainproject.com/route/106641369/thugged-out-since-cub-scouts', 'https://www.mountainproject.com/route/106641900/unnamed-2']"
15,15,https://www.mountainproject.com/area/110572994/ill-communication-boulder,ill-communication-boulder,"['https://www.mountainproject.com/area/105994953/ohio', 'https://www.mountainproject.com/area/105994274/chippewa-creek']",['https://www.mountainproject.com/route/110573126/ill-communication']
16,16,https://www.mountainproject.com/area/105995179/midstream,midstream,"['https://www.mountainproject.com/area/105994953/ohio', 'https://www.mountainproject.com/area/105994274/chippewa-creek']","['https://www.mountainproject.com/route/114407183/bitches-crack', 'https://www.mountainproject.com/route/110526028/bonsai', 'https://www.mountainproject.com/route/112226736/brick-work', 'https://www.mountainproject.com/route/114581580/bunny-slab', 'https://www.mountainproject.com/route/105995197/fight-or-flight', 'https://www.mountainproject.com/route/112226691/florida', 'https://www.mountainproject.com/route/105995188/the-gem', 'https://www.mountainproject.com/route/112241088/heel-hook', 'https://www.mountainproject.com/route/112221914/key-hole', 'https://www.mountainproject.com/route/106641835/limee-hole', 'https://www.mountainproject.com/route/106641929/left-handed-whore', 'https://www.mountainproject.com/route/107739566/lumberjack', 'https://www.mountainproject.com/route/111840076/lumberjack-3', 'https://www.mountainproject.com/route/107739575/lumberjack-sds', 'https://www.mountainproject.com/route/113273998/mother-goose-warm-up-v0', 'https://www.mountainproject.com/route/105995192/pinch-arete', 'https://www.mountainproject.com/route/112226842/raining-in-bleautimore', 'https://www.mountainproject.com/route/111739961/spaceneedle', 'https://www.mountainproject.com/route/106641925/spider-pocket', 'https://www.mountainproject.com/route/106641891/unknown', 'https://www.mountainproject.com/route/106641884/unknown-2', 'https://www.mountainproject.com/route/106641912/unnamed-3', 'https://www.mountainproject.com/route/106918729/unnamed-4']"
17,17,https://www.mountainproject.com/area/110573151/the-hanger,the-hanger,"['https://www.mountainproject.com/area/105994953/ohio', 'https://www.mountainproject.com/area/105994274/chippewa-creek']","['https://www.mountainproject.com/route/110573156/hang-line', 'https://www.mountainproject.com/route/110573167/illusions-of-grandeur']"
18,18,https://www.mountainproject.com/area/105995185/upstream,upstream,"['https://www.mountainproject.com/area/105994953/ohio', 'https://www.mountainproject.com/area/105994274/chippewa-creek']","['https://www.mountainproject.com/route/106641824/blood-gnome-sit-start', 'https://www.mountainproject.com/route/106641829/blood-gnome-stand-start', 'https://www.mountainproject.com/route/106641739/boo-ya-arete', 'https://www.mountainproject.com/route/110573135/cess-pool', 'https://www.mountainproject.com/route/106641380/racist-arete', 'https://www.mountainproject.com/route/110817952/the-rib', 'https://www.mountainproject.com/route/106641864/unnamed-dyno-1', 'https://www.mountainproject.com/route/106641905/warmup']"
19,19,https://www.mountainproject.com/area/112286529/mirror-pond-wall,mirror-pond-wall,"['https://www.mountainproject.com/area/105994953/ohio', 'https://www.mountainproject.com/area/106021211/eden-park']",[]
20,20,https://www.mountainproject.com/area/112286458/the-east-wall,the-east-wall,"['https://www.mountainproject.com/area/105994953/ohio', 'https://www.mountainproject.com/area/106021211/eden-park']","['https://www.mountainproject.com/route/112035881/arch-classic', 'https://www.mountainproject.com/route/112035843/the-arete', 'https://www.mountainproject.com/route/112049201/battlement-blitz', 'https://www.mountainproject.com/route/112035865/battlement-lefty', 'https://www.mountainproject.com/route/112938128/battlement-middle', 'https://www.mountainproject.com/route/112915844/battlement-right', 'https://www.mountainproject.com/route/112404164/baumans-problem', 'https://www.mountainproject.com/route/112364995/dantes-inferno', 'https://www.mountainproject.com/route/112938208/dyno', 'https://www.mountainproject.com/route/112938183/feels-like-a-joke', 'https://www.mountainproject.com/route/112404173/full-arch-traverse', 'https://www.mountainproject.com/route/112035952/my-dirty-crack', 'https://www.mountainproject.com/route/112013976/pocket-n-lock-it', 'https://www.mountainproject.com/route/112938161/right-up', 'https://www.mountainproject.com/route/112035980/triple-b']"
21,21,https://www.mountainproject.com/area/112286485/the-west-wall,the-west-wall,"['https://www.mountainproject.com/area/105994953/ohio', 'https://www.mountainproject.com/area/106021211/eden-park']","['https://www.mountainproject.com/route/112035933/the-cracken', 'https://www.mountainproject.com/route/112915803/spidermans-traverse', 'https://www.mountainproject.com/route/114375018/unknown-right-lead', 'https://www.mountainproject.com/route/112325316/untitled-lead']"
22,22,https://www.mountainproject.com/area/112286547/the-woods-wall,the-woods-wall,"['https://www.mountainproject.com/area/105994953/ohio', 'https://www.mountainproject.com/area/106021211/eden-park']","['https://www.mountainproject.com/route/112049098/woodland-walk', 'https://www.mountainproject.com/route/112049264/woods-traverse']"
23,23,https://www.mountainproject.com/area/106551736/big-spring-hollowconkles-hollow,big-spring-hollowconkles-hollow,"['https://www.mountainproject.com/area/105994953/ohio', 'https://www.mountainproject.com/area/105995005/hocking-hills-state-forest']","['https://www.mountainproject.com/route/107309363/amazing-grace', 'https://www.mountainproject.com/route/106551768/dirty-whore', 'https://www.mountainproject.com/route/114304778/time-for-tea']"
24,24,https://www.mountainproject.com/area/109949640/cascada-boulders,cascada-boulders,"['https://www.mountainproject.com/area/105994953/ohio', 'https://www.mountainproject.com/area/105995005/hocking-hills-state-forest']","['https://www.mountainproject.com/route/109953001/back-to-reality', 'https://www.mountainproject.com/route/109949774/cascada-traverse', 'https://www.mountainproject.com/route/109949834/castle-made-of-sand', 'https://www.mountainproject.com/route/109949785/lrj', 'https://www.mountainproject.com/route/109949644/la-cascada', 'https://www.mountainproject.com/route/109949795/pilot', 'https://www.mountainproject.com/route/109949806/versicolor']"
25,25,https://www.mountainproject.com/area/109085919/dolomedes-wall,dolomedes-wall,"['https://www.mountainproject.com/area/105994953/ohio', 'https://www.mountainproject.com/area/105995005/hocking-hills-state-forest']","['https://www.mountainproject.com/route/109086126/black-widow', 'https://www.mountainproject.com/route/109086085/spider-man-traverse', 'https://www.mountainproject.com/route/109085941/spider-monkey']"
26,26,https://www.mountainproject.com/area/109953019/gearshift-area,gearshift-area,"['https://www.mountainproject.com/area/105994953/ohio', 'https://www.mountainproject.com/area/105995005/hocking-hills-state-forest']","['https://www.mountainproject.com/route/109953022/evolution-center', 'https://www.mountainproject.com/route/109953160/evolution-right', 'https://www.mountainproject.com/route/109953170/evolution-traverse', 'https://www.mountainproject.com/route/109953033/krav-maga']"
27,27,https://www.mountainproject.com/area/109949359/rectangle-rock,rectangle-rock,"['https://www.mountainproject.com/area/105994953/ohio', 'https://www.mountainproject.com/area/105995005/hocking-hills-state-forest']","['https://www.mountainproject.com/route/109949590/elephreak-jump-start', 'https://www.mountainproject.com/route/109949390/rated-e', 'https://www.mountainproject.com/route/111002707/sliding-filament-mechanism', 'https://www.mountainproject.com/route/109949363/triangle-arete-1', 'https://www.mountainproject.com/route/109949518/triangle-arete-2', 'https://www.mountainproject.com/route/109949550/triangle-traverse', 'https://www.mountainproject.com/route/113335451/unnamed-v1']"
28,28,https://www.mountainproject.com/area/109953198/shipwreck-area,shipwreck-area,"['https://www.mountainproject.com/area/105994953/ohio', 'https://www.mountainproject.com/area/105995005/hocking-hills-state-forest']","['https://www.mountainproject.com/route/109959389/egyptian-wingspan', 'https://www.mountainproject.com/route/110221419/scarred-for-a-day', 'https://www.mountainproject.com/route/109959403/under-the-nose', 'https://www.mountainproject.com/route/109959415/verde-rock']"
29,29,https://www.mountainproject.com/area/109959751/sunshine-valley,sunshine-valley,"['https://www.mountainproject.com/area/105994953/ohio', 'https://www.mountainproject.com/area/105995005/hocking-hills-state-forest']","['https://www.mountainproject.com/route/109959780/the-fin', 'https://www.mountainproject.com/route/109959772/guardian', 'https://www.mountainproject.com/route/109959787/pocket-rocket', 'https://www.mountainproject.com/route/109959756/sunshine-arete', 'https://www.mountainproject.com/route/109959763/sunshine-arete-sit']"
30,30,https://www.mountainproject.com/area/109960489/workout-wall,workout-wall,"['https://www.mountainproject.com/area/105994953/ohio', 'https://www.mountainproject.com/area/105995005/hocking-hills-state-forest']","['https://www.mountainproject.com/route/109960494/block-arete-1', 'https://www.mountainproject.com/route/109960612/block-arete-2', 'https://www.mountainproject.com/route/109960619/book-chapter-and-traverse', 'https://www.mountainproject.com/route/109960633/book-chapter-and-traverse-var', 'https://www.mountainproject.com/route/109960669/pocket-traverse', 'https://www.mountainproject.com/route/109960643/unnamed-crack', 'https://www.mountainproject.com/route/109960654/unnamed-pocket-problem']"
31,31,https://www.mountainproject.com/area/113347376/garden-wall,garden-wall,"['https://www.mountainproject.com/area/105994953/ohio', 'https://www.mountainproject.com/area/108007898/lake-vesuvius', 'https://www.mountainproject.com/area/112480816/lake-vesuvius-bouldering', 'https://www.mountainproject.com/area/113346865/garden-boulders']","['https://www.mountainproject.com/route/113347421/constant-gardener', 'https://www.mountainproject.com/route/113347633/control-joint', 'https://www.mountainproject.com/route/113348930/the-gate-escape', 'https://www.mountainproject.com/route/113348900/the-gate', 'https://www.mountainproject.com/route/113347392/lake-view-arete', 'https://www.mountainproject.com/route/113348947/mcts', 'https://www.mountainproject.com/route/113347592/terrace-agronomy']"
32,32,https://www.mountainproject.com/area/112480822/detention-block,detention-block,"['https://www.mountainproject.com/area/105994953/ohio', 'https://www.mountainproject.com/area/108007898/lake-vesuvius', 'https://www.mountainproject.com/area/112480816/lake-vesuvius-bouldering']","['https://www.mountainproject.com/route/112484497/2-11', 'https://www.mountainproject.com/route/112481616/guantanamo-bay', 'https://www.mountainproject.com/route/114175086/hall-pass', 'https://www.mountainproject.com/route/112484524/hate-crime', 'https://www.mountainproject.com/route/113935082/mean-gene', 'https://www.mountainproject.com/route/112484436/pickpocket']"
33,33,https://www.mountainproject.com/area/113346865/garden-boulders,garden-boulders,"['https://www.mountainproject.com/area/105994953/ohio', 'https://www.mountainproject.com/area/108007898/lake-vesuvius', 'https://www.mountainproject.com/area/112480816/lake-vesuvius-bouldering']",[]
34,34,https://www.mountainproject.com/area/114172377/sek-bic,sek-bic,"['https://www.mountainproject.com/area/105994953/ohio', 'https://www.mountainproject.com/area/108007898/lake-vesuvius', 'https://www.mountainproject.com/area/114172359/parking-lot-boulders']",['https://www.mountainproject.com/route/114172383/sek-bic']
35,35,https://www.mountainproject.com/area/108294415/baseball-field,baseball-field,"['https://www.mountainproject.com/area/105994953/ohio', 'https://www.mountainproject.com/area/108007898/lake-vesuvius']","['https://www.mountainproject.com/route/108294419/bat-attack', 'https://www.mountainproject.com/route/112146197/the-catacomb-wall', 'https://www.mountainproject.com/route/108294630/center-field', 'https://www.mountainproject.com/route/108294460/cracker-jack', 'https://www.mountainproject.com/route/108294497/green-monster', 'https://www.mountainproject.com/route/108294584/honeycomb', 'https://www.mountainproject.com/route/108294554/left-field', 'https://www.mountainproject.com/route/108294818/right-field']"
36,36,https://www.mountainproject.com/area/112480816/lake-vesuvius-bouldering,lake-vesuvius-bouldering,"['https://www.mountainproject.com/area/105994953/ohio', 'https://www.mountainproject.com/area/108007898/lake-vesuvius']",['https://www.mountainproject.com/area/112480822/detention-block']
37,37,https://www.mountainproject.com/area/114172359/parking-lot-boulders,parking-lot-boulders,"['https://www.mountainproject.com/area/105994953/ohio', 'https://www.mountainproject.com/area/108007898/lake-vesuvius']",[]
38,38,https://www.mountainproject.com/area/108007924/the-dam,the-dam,"['https://www.mountainproject.com/area/105994953/ohio', 'https://www.mountainproject.com/area/108007898/lake-vesuvius']","['https://www.mountainproject.com/route/111563961/doin-time', 'https://www.mountainproject.com/route/111364622/double-fisting-kittens', 'https://www.mountainproject.com/route/111563941/gargamel', 'https://www.mountainproject.com/route/111414982/hot-monkey-love', 'https://www.mountainproject.com/route/111563930/mono-e-mono', 'https://www.mountainproject.com/route/111563972/oh-so-slippery', 'https://www.mountainproject.com/route/111563950/s-crack', 'https://www.mountainproject.com/route/111415138/shakey-dog', 'https://www.mountainproject.com/route/111415125/triangles']"
39,39,https://www.mountainproject.com/area/108007949/the-rock,the-rock,"['https://www.mountainproject.com/area/105994953/ohio', 'https://www.mountainproject.com/area/108007898/lake-vesuvius']","['https://www.mountainproject.com/route/114985642/big-red-snapper', 'https://www.mountainproject.com/route/114985674/blueberry-funk', 'https://www.mountainproject.com/route/114985667/gingergay', 'https://www.mountainproject.com/route/114985682/ring-eater-crack', 'https://www.mountainproject.com/route/114985648/unknown', 'https://www.mountainproject.com/route/114985695/wasp', 'https://www.mountainproject.com/route/108007981/chiropterror']"
40,40,https://www.mountainproject.com/area/106061615/big-cliffs,big-cliffs,"['https://www.mountainproject.com/area/105994953/ohio', 'https://www.mountainproject.com/area/105916080/logtown']","['https://www.mountainproject.com/route/106061619/burrsitus', 'https://www.mountainproject.com/route/106061649/coordinate-covalent-bonding', 'https://www.mountainproject.com/route/106061636/frodo-lives', 'https://www.mountainproject.com/route/106611175/rastafaria', 'https://www.mountainproject.com/route/106467378/state-of-the-artless-the-open-book']"
41,41,https://www.mountainproject.com/area/106423175/left-main-wall,left-main-wall,"['https://www.mountainproject.com/area/105994953/ohio', 'https://www.mountainproject.com/area/105916080/logtown']","['https://www.mountainproject.com/route/107162490/anxiety', 'https://www.mountainproject.com/route/107162527/beam-me-up-scotty', 'https://www.mountainproject.com/route/106423182/frodo-lives', 'https://www.mountainproject.com/route/107162518/nicholas-is-a-weenie', 'https://www.mountainproject.com/route/107162510/open-book-variation', 'https://www.mountainproject.com/route/107162506/the-open-book', 'https://www.mountainproject.com/route/107162486/the-quest', 'https://www.mountainproject.com/route/109660166/scooby-doo', 'https://www.mountainproject.com/route/109660156/shattered-image', 'https://www.mountainproject.com/route/112123316/slippery-as-an-eells', 'https://www.mountainproject.com/route/107162497/tendinitus']"
42,42,https://www.mountainproject.com/area/110770293/nightmare-wall,nightmare-wall,"['https://www.mountainproject.com/area/105994953/ohio', 'https://www.mountainproject.com/area/105916080/logtown']","['https://www.mountainproject.com/route/110770299/battle-of-the-bulge', 'https://www.mountainproject.com/route/113068564/dreaming', 'https://www.mountainproject.com/route/113068476/nightmare', 'https://www.mountainproject.com/route/113068456/nightmares-right-side', 'https://www.mountainproject.com/route/113068495/spock-lives']"
43,43,https://www.mountainproject.com/area/105959736/right-main-wall,right-main-wall,"['https://www.mountainproject.com/area/105994953/ohio', 'https://www.mountainproject.com/area/105916080/logtown']","['https://www.mountainproject.com/route/106422077/coordinate-covalent-bonding', 'https://www.mountainproject.com/route/107253207/covalent-bonding', 'https://www.mountainproject.com/route/107253200/dean-was-here', 'https://www.mountainproject.com/route/105959741/footloose-and-finger-free', 'https://www.mountainproject.com/route/106422119/jesus-in-tevas', 'https://www.mountainproject.com/route/106422091/learning-to-fly', 'https://www.mountainproject.com/route/106422105/nick-of-time', 'https://www.mountainproject.com/route/106422124/nightmares-right']"
44,44,https://www.mountainproject.com/area/105959429/testing-area,testing-area,"['https://www.mountainproject.com/area/105994953/ohio', 'https://www.mountainproject.com/area/105916080/logtown']",[]
45,45,https://www.mountainproject.com/area/110386963/the-front-wall,the-front-wall,"['https://www.mountainproject.com/area/105994953/ohio', 'https://www.mountainproject.com/area/105916080/logtown']","['https://www.mountainproject.com/route/114532212/a-little-something', 'https://www.mountainproject.com/route/113068416/a-ryser-route', 'https://www.mountainproject.com/route/114537269/always-saturday', 'https://www.mountainproject.com/route/110386992/beach-party', 'https://www.mountainproject.com/route/110387184/block-party', 'https://www.mountainproject.com/route/110387157/boulder-problem', 'https://www.mountainproject.com/route/111816168/bugs-bunny', 'https://www.mountainproject.com/route/114513051/easy-does-it-55', 'https://www.mountainproject.com/route/111335860/fireplace', 'https://www.mountainproject.com/route/110386987/husker-do', 'https://www.mountainproject.com/route/111335867/obession', 'https://www.mountainproject.com/route/111335873/obsessed', 'https://www.mountainproject.com/route/110386972/overhangs']"
46,46,https://www.mountainproject.com/area/106061519/the-middle-cliff,the-middle-cliff,"['https://www.mountainproject.com/area/105994953/ohio', 'https://www.mountainproject.com/area/105916080/logtown']","['https://www.mountainproject.com/route/106061531/artists-only', 'https://www.mountainproject.com/route/106061560/astroboy', 'https://www.mountainproject.com/route/106061575/back-door-love-affair', 'https://www.mountainproject.com/route/114790461/blast-from-the-past', 'https://www.mountainproject.com/route/106061597/cave-traverse', 'https://www.mountainproject.com/route/106061545/dick-rock-direct', 'https://www.mountainproject.com/route/106061550/dick-rock-route', 'https://www.mountainproject.com/route/106061585/dog-job', 'https://www.mountainproject.com/route/106061589/dog-job-direct', 'https://www.mountainproject.com/route/106061536/erics-overhang', 'https://www.mountainproject.com/route/106061555/follow-the-folly', 'https://www.mountainproject.com/route/106061564/horn-traverse', 'https://www.mountainproject.com/route/106061581/indirect-finish', 'https://www.mountainproject.com/route/106061570/mr-greenjeans', 'https://www.mountainproject.com/route/106061593/out-come-the-freaks', 'https://www.mountainproject.com/route/114790418/return-to-sender', 'https://www.mountainproject.com/route/106061541/shit-seans-highly-intense-traverse', 'https://www.mountainproject.com/route/106061523/save-the-wails', 'https://www.mountainproject.com/route/106061605/shanes-traverse', 'https://www.mountainproject.com/route/114944902/short-stack', 'https://www.mountainproject.com/route/106061601/supermans-revenge', 'https://www.mountainproject.com/route/114790363/waves-in-stone']"
47,47,https://www.mountainproject.com/area/107252801/the-pit,the-pit,"['https://www.mountainproject.com/area/105994953/ohio', 'https://www.mountainproject.com/area/105916080/logtown']","['https://www.mountainproject.com/route/107252870/bursitis', 'https://www.mountainproject.com/route/107252860/bursitis-direct', 'https://www.mountainproject.com/route/107252833/classic-corner-crack', 'https://www.mountainproject.com/route/107252809/dreadlock-holiday', 'https://www.mountainproject.com/route/107252841/gun-control', 'https://www.mountainproject.com/route/107252826/highly-sellassie', 'https://www.mountainproject.com/route/107252854/no-compassion', 'https://www.mountainproject.com/route/107252805/overhang-boulder-problem', 'https://www.mountainproject.com/route/107252816/rastafaria', 'https://www.mountainproject.com/route/107252821/reggae-got-soul', 'https://www.mountainproject.com/route/107252883/rockfall', 'https://www.mountainproject.com/route/107252876/satisfaction', 'https://www.mountainproject.com/route/107252879/wicked-fingers']"
48,48,https://www.mountainproject.com/area/109614387/the-toweraka-janets-dream,the-toweraka-janets-dream,"['https://www.mountainproject.com/area/105994953/ohio', 'https://www.mountainproject.com/area/105916080/logtown']",[]
49,49,https://www.mountainproject.com/area/114387510/abominable-boulder,abominable-boulder,"['https://www.mountainproject.com/area/105994953/ohio', 'https://www.mountainproject.com/area/111817013/mad-river-gorge-nature-preserve', 'https://www.mountainproject.com/area/114142010/mrg-southeast-aka-darkside', 'https://www.mountainproject.com/area/113224452/overpass-area']","['https://www.mountainproject.com/route/112932630/afternoon-delight', 'https://www.mountainproject.com/route/113228334/in-the-presence-of-greatness', 'https://www.mountainproject.com/route/112932589/offwidth-problem']"
50,50,https://www.mountainproject.com/area/114387523/overpass-wall,overpass-wall,"['https://www.mountainproject.com/area/105994953/ohio', 'https://www.mountainproject.com/area/111817013/mad-river-gorge-nature-preserve', 'https://www.mountainproject.com/area/114142010/mrg-southeast-aka-darkside', 'https://www.mountainproject.com/area/113224452/overpass-area']","['https://www.mountainproject.com/route/113097730/meltdown', 'https://www.mountainproject.com/route/113097767/ravages-of-time', 'https://www.mountainproject.com/route/113097805/roadside-distraction', 'https://www.mountainproject.com/route/113097796/smokey', 'https://www.mountainproject.com/route/113097705/tire-fire', 'https://www.mountainproject.com/route/113097748/white-lightning', 'https://www.mountainproject.com/route/113097785/you-sure']"
51,51,https://www.mountainproject.com/area/114127002/monstro-rock,monstro-rock,"['https://www.mountainproject.com/area/105994953/ohio', 'https://www.mountainproject.com/area/111817013/mad-river-gorge-nature-preserve', 'https://www.mountainproject.com/area/114142010/mrg-southeast-aka-darkside', 'https://www.mountainproject.com/area/114126798/yacht-club-cluster']",['https://www.mountainproject.com/route/114127012/pinocchios-whale']
52,52,https://www.mountainproject.com/area/114126903/the-black-pearl-boulder,the-black-pearl-boulder,"['https://www.mountainproject.com/area/105994953/ohio', 'https://www.mountainproject.com/area/111817013/mad-river-gorge-nature-preserve', 'https://www.mountainproject.com/area/114142010/mrg-southeast-aka-darkside', 'https://www.mountainproject.com/area/114126798/yacht-club-cluster']",['https://www.mountainproject.com/route/114126907/walk-the-plank']
53,53,https://www.mountainproject.com/area/114260958/the-kraken-boulder,the-kraken-boulder,"['https://www.mountainproject.com/area/105994953/ohio', 'https://www.mountainproject.com/area/111817013/mad-river-gorge-nature-preserve', 'https://www.mountainproject.com/area/114142010/mrg-southeast-aka-darkside', 'https://www.mountainproject.com/area/114126798/yacht-club-cluster']",['https://www.mountainproject.com/route/114261051/the-parrot']
54,54,https://www.mountainproject.com/area/114126807/the-shipwreck-block,the-shipwreck-block,"['https://www.mountainproject.com/area/105994953/ohio', 'https://www.mountainproject.com/area/111817013/mad-river-gorge-nature-preserve', 'https://www.mountainproject.com/area/114142010/mrg-southeast-aka-darkside', 'https://www.mountainproject.com/area/114126798/yacht-club-cluster']","['https://www.mountainproject.com/route/114126812/climbin-in-sperrys', 'https://www.mountainproject.com/route/114126845/jitterbug-jive', 'https://www.mountainproject.com/route/114126873/reel-ly-retired']"
55,55,https://www.mountainproject.com/area/113224638/amusement-wall,amusement-wall,"['https://www.mountainproject.com/area/105994953/ohio', 'https://www.mountainproject.com/area/111817013/mad-river-gorge-nature-preserve', 'https://www.mountainproject.com/area/114142010/mrg-southeast-aka-darkside']","['https://www.mountainproject.com/route/114517410/anxious-arrival', 'https://www.mountainproject.com/route/113137214/bangarang', 'https://www.mountainproject.com/route/114592304/blind-spot', 'https://www.mountainproject.com/route/113098246/ctb-crazy-trailer-bitch', 'https://www.mountainproject.com/route/114311904/campus-ousside', 'https://www.mountainproject.com/route/113119773/campus-traverse', 'https://www.mountainproject.com/route/113531721/choss-direct', 'https://www.mountainproject.com/route/114044933/dry-route', 'https://www.mountainproject.com/route/114268698/easily-amused', 'https://www.mountainproject.com/route/114313376/hang-ten', 'https://www.mountainproject.com/route/114787017/indoor-v7', 'https://www.mountainproject.com/route/114565082/its-medicinal', 'https://www.mountainproject.com/route/113214186/knope-we-can', 'https://www.mountainproject.com/route/113256650/lukewarm-sausage', 'https://www.mountainproject.com/route/113450735/lunge-or-plunge', 'https://www.mountainproject.com/route/115364118/open-project', 'https://www.mountainproject.com/route/113626949/pocket-rocket', 'https://www.mountainproject.com/route/113944853/power-play', 'https://www.mountainproject.com/route/114518577/project', 'https://www.mountainproject.com/route/113297746/psychedelic-schoolteacher', 'https://www.mountainproject.com/route/113631511/rocktober-festival', 'https://www.mountainproject.com/route/113532942/scooby-doo', 'https://www.mountainproject.com/route/113532999/scrappy', 'https://www.mountainproject.com/route/113533024/shaggy', 'https://www.mountainproject.com/route/113119723/shimmy-shimmy-ya', 'https://www.mountainproject.com/route/114592328/skull-crusher', 'https://www.mountainproject.com/route/113138344/slappy-mccracken', 'https://www.mountainproject.com/route/113213933/slingshot', 'https://www.mountainproject.com/route/113410242/slot-machine', 'https://www.mountainproject.com/route/113587159/sparky', 'https://www.mountainproject.com/route/114587472/starter-pack', 'https://www.mountainproject.com/route/114612093/stella', 'https://www.mountainproject.com/route/113138214/tastes-like-burning', 'https://www.mountainproject.com/route/113627226/the-teets', 'https://www.mountainproject.com/route/113081772/what-just-bit-me']"
56,56,https://www.mountainproject.com/area/113432445/back-alley,back-alley,"['https://www.mountainproject.com/area/105994953/ohio', 'https://www.mountainproject.com/area/111817013/mad-river-gorge-nature-preserve', 'https://www.mountainproject.com/area/114142010/mrg-southeast-aka-darkside']","['https://www.mountainproject.com/route/113432450/babys-first-solo', 'https://www.mountainproject.com/route/113432466/open-project-1', 'https://www.mountainproject.com/route/113432478/open-project-2']"
57,57,https://www.mountainproject.com/area/113224823/clear-creek-crag,clear-creek-crag,"['https://www.mountainproject.com/area/105994953/ohio', 'https://www.mountainproject.com/area/111817013/mad-river-gorge-nature-preserve', 'https://www.mountainproject.com/area/114142010/mrg-southeast-aka-darkside']","['https://www.mountainproject.com/route/113106533/12-pack', 'https://www.mountainproject.com/route/113533042/6-pack', 'https://www.mountainproject.com/route/113228538/dear-jim', 'https://www.mountainproject.com/route/113228605/devine-root', 'https://www.mountainproject.com/route/113109440/diagonal-to-nowhere', 'https://www.mountainproject.com/route/113228586/garbage-warrior', 'https://www.mountainproject.com/route/113590648/greasy-spoon', 'https://www.mountainproject.com/route/113201634/kept-to-memory', 'https://www.mountainproject.com/route/113533086/knuckle-up', 'https://www.mountainproject.com/route/113228428/man-with-a-beard', 'https://www.mountainproject.com/route/113110400/new-world-order', 'https://www.mountainproject.com/route/114382017/nowhere', 'https://www.mountainproject.com/route/113228472/nuts-and-honey', 'https://www.mountainproject.com/route/113108322/the-phat-and-the-dope', 'https://www.mountainproject.com/route/113590662/the-pinch', 'https://www.mountainproject.com/route/113228437/recyclable-stone', 'https://www.mountainproject.com/route/113106584/recycler', 'https://www.mountainproject.com/route/113228594/root-for-me', 'https://www.mountainproject.com/route/113707378/sandy-river-blues', 'https://www.mountainproject.com/route/113201588/scrub-a-dub-dub', 'https://www.mountainproject.com/route/113533056/she-keeps-it-on-the-mantel', 'https://www.mountainproject.com/route/113699437/sifter', 'https://www.mountainproject.com/route/113109467/slippery-when-wet', 'https://www.mountainproject.com/route/113228419/springfield-arch', 'https://www.mountainproject.com/route/114303578/squeeze-box', 'https://www.mountainproject.com/route/113228526/steve-o', 'https://www.mountainproject.com/route/115363892/the-surprise', 'https://www.mountainproject.com/route/113749387/top-heavy', 'https://www.mountainproject.com/route/113228508/trash-compactor', 'https://www.mountainproject.com/route/113228487/trash-talk', 'https://www.mountainproject.com/route/113228456/trashcom', 'https://www.mountainproject.com/route/113228559/the-underling-aka-jims-route']"
58,58,https://www.mountainproject.com/area/113224848/dads-wall-aka-glass-buttress,dads-wall-aka-glass-buttress,"['https://www.mountainproject.com/area/105994953/ohio', 'https://www.mountainproject.com/area/111817013/mad-river-gorge-nature-preserve', 'https://www.mountainproject.com/area/114142010/mrg-southeast-aka-darkside']","['https://www.mountainproject.com/route/113374676/abba', 'https://www.mountainproject.com/route/113104498/excellent-ella', 'https://www.mountainproject.com/route/113098494/j-ella', 'https://www.mountainproject.com/route/113098506/jared-the-juggernaut', 'https://www.mountainproject.com/route/113104520/right-arete', 'https://www.mountainproject.com/route/113098313/s-crack', 'https://www.mountainproject.com/route/113098293/super-dads']"
59,59,https://www.mountainproject.com/area/114175261/dirty-little-boulder,dirty-little-boulder,"['https://www.mountainproject.com/area/105994953/ohio', 'https://www.mountainproject.com/area/111817013/mad-river-gorge-nature-preserve', 'https://www.mountainproject.com/area/114142010/mrg-southeast-aka-darkside']","['https://www.mountainproject.com/route/114261221/the-dirty-dozen', 'https://www.mountainproject.com/route/114175269/gettin-dirty-with-it']"
60,60,https://www.mountainproject.com/area/113224791/fern-buttress,fern-buttress,"['https://www.mountainproject.com/area/105994953/ohio', 'https://www.mountainproject.com/area/111817013/mad-river-gorge-nature-preserve', 'https://www.mountainproject.com/area/114142010/mrg-southeast-aka-darkside']","['https://www.mountainproject.com/route/113947756/fresh-squeezed', 'https://www.mountainproject.com/route/113098204/green-thumb', 'https://www.mountainproject.com/route/113098183/where-the-green-fern-grows']"
61,61,https://www.mountainproject.com/area/113330966/hippie-central,hippie-central,"['https://www.mountainproject.com/area/105994953/ohio', 'https://www.mountainproject.com/area/111817013/mad-river-gorge-nature-preserve', 'https://www.mountainproject.com/area/114142010/mrg-southeast-aka-darkside']","['https://www.mountainproject.com/route/113330983/lava-lamp', 'https://www.mountainproject.com/route/113330970/shag-carpet']"
62,62,https://www.mountainproject.com/area/113224452/overpass-area,overpass-area,"['https://www.mountainproject.com/area/105994953/ohio', 'https://www.mountainproject.com/area/111817013/mad-river-gorge-nature-preserve', 'https://www.mountainproject.com/area/114142010/mrg-southeast-aka-darkside']",['https://www.mountainproject.com/area/114387510/abominable-boulder']
63,63,https://www.mountainproject.com/area/113330913/suburban-boulder,suburban-boulder,"['https://www.mountainproject.com/area/105994953/ohio', 'https://www.mountainproject.com/area/111817013/mad-river-gorge-nature-preserve', 'https://www.mountainproject.com/area/114142010/mrg-southeast-aka-darkside']","['https://www.mountainproject.com/route/113330954/15-kids', 'https://www.mountainproject.com/route/113330947/401k', 'https://www.mountainproject.com/route/114117617/remys-spuddies', 'https://www.mountainproject.com/route/113330933/uptight-neighbors']"
64,64,https://www.mountainproject.com/area/114126798/yacht-club-cluster,yacht-club-cluster,"['https://www.mountainproject.com/area/105994953/ohio', 'https://www.mountainproject.com/area/111817013/mad-river-gorge-nature-preserve', 'https://www.mountainproject.com/area/114142010/mrg-southeast-aka-darkside']","['https://www.mountainproject.com/area/114126903/the-black-pearl-boulder', 'https://www.mountainproject.com/area/114260958/the-kraken-boulder', 'https://www.mountainproject.com/area/114127002/monstro-rock']"
65,65,https://www.mountainproject.com/area/114167466/treasure-island,treasure-island,"['https://www.mountainproject.com/area/105994953/ohio', 'https://www.mountainproject.com/area/111817013/mad-river-gorge-nature-preserve', 'https://www.mountainproject.com/area/114142117/mrg-southwest-aka-taylor-property', 'https://www.mountainproject.com/area/114167445/block-yard-boulders']","['https://www.mountainproject.com/route/114171543/billy-bones-last-words', 'https://www.mountainproject.com/route/114171452/buried-treasure', 'https://www.mountainproject.com/route/114171399/hidden-gems', 'https://www.mountainproject.com/route/114167571/treasure-map']"
66,66,https://www.mountainproject.com/area/114096469/crinoid-cove,crinoid-cove,"['https://www.mountainproject.com/area/105994953/ohio', 'https://www.mountainproject.com/area/111817013/mad-river-gorge-nature-preserve', 'https://www.mountainproject.com/area/114142117/mrg-southwest-aka-taylor-property', 'https://www.mountainproject.com/area/114091540/rusty-ravine']","['https://www.mountainproject.com/route/114309992/chundercling', 'https://www.mountainproject.com/route/114290212/everything-is-matter', 'https://www.mountainproject.com/route/114096555/feather-star', 'https://www.mountainproject.com/route/114123778/rest-day-best-day', 'https://www.mountainproject.com/route/114303486/shark-week', 'https://www.mountainproject.com/route/114201884/the-surfing-raptor', 'https://www.mountainproject.com/route/114309967/turd-burglar']"
67,67,https://www.mountainproject.com/area/114123842/giddy-up,giddy-up,"['https://www.mountainproject.com/area/105994953/ohio', 'https://www.mountainproject.com/area/111817013/mad-river-gorge-nature-preserve', 'https://www.mountainproject.com/area/114142117/mrg-southwest-aka-taylor-property', 'https://www.mountainproject.com/area/114091540/rusty-ravine']","['https://www.mountainproject.com/route/114124433/greenhorn', 'https://www.mountainproject.com/route/114123903/pearl-handled-revolvers', 'https://www.mountainproject.com/route/114124467/rough-riders-ride-again', 'https://www.mountainproject.com/route/114124094/triggers-tricks']"
68,68,https://www.mountainproject.com/area/114167445/block-yard-boulders,block-yard-boulders,"['https://www.mountainproject.com/area/105994953/ohio', 'https://www.mountainproject.com/area/111817013/mad-river-gorge-nature-preserve', 'https://www.mountainproject.com/area/114142117/mrg-southwest-aka-taylor-property']",[]
69,69,https://www.mountainproject.com/area/114091482/mikes-wall-formerly-known-as-midway-wall,mikes-wall-formerly-known-as-midway-wall,"['https://www.mountainproject.com/area/105994953/ohio', 'https://www.mountainproject.com/area/111817013/mad-river-gorge-nature-preserve', 'https://www.mountainproject.com/area/114142117/mrg-southwest-aka-taylor-property']","['https://www.mountainproject.com/route/114283065/dr-evil', 'https://www.mountainproject.com/route/114091488/fat-bastard', 'https://www.mountainproject.com/route/114283165/minime', 'https://www.mountainproject.com/route/114586594/project', 'https://www.mountainproject.com/route/114283129/scotty-boy']"
70,70,https://www.mountainproject.com/area/114484235/mufasas-gorge,mufasas-gorge,"['https://www.mountainproject.com/area/105994953/ohio', 'https://www.mountainproject.com/area/111817013/mad-river-gorge-nature-preserve', 'https://www.mountainproject.com/area/114142117/mrg-southwest-aka-taylor-property']",['https://www.mountainproject.com/route/114484243/hakuna-matata']
71,71,https://www.mountainproject.com/area/114091540/rusty-ravine,rusty-ravine,"['https://www.mountainproject.com/area/105994953/ohio', 'https://www.mountainproject.com/area/111817013/mad-river-gorge-nature-preserve', 'https://www.mountainproject.com/area/114142117/mrg-southwest-aka-taylor-property']",['https://www.mountainproject.com/area/114096469/crinoid-cove']
72,72,https://www.mountainproject.com/area/113316264/ship-rock,ship-rock,"['https://www.mountainproject.com/area/105994953/ohio', 'https://www.mountainproject.com/area/111817013/mad-river-gorge-nature-preserve', 'https://www.mountainproject.com/area/114142117/mrg-southwest-aka-taylor-property']","['https://www.mountainproject.com/route/113316279/minute-man', 'https://www.mountainproject.com/route/114586565/project', 'https://www.mountainproject.com/route/114586583/white-whale']"
73,73,https://www.mountainproject.com/area/114091500/trash-shoot-area,trash-shoot-area,"['https://www.mountainproject.com/area/105994953/ohio', 'https://www.mountainproject.com/area/111817013/mad-river-gorge-nature-preserve', 'https://www.mountainproject.com/area/114142117/mrg-southwest-aka-taylor-property']","['https://www.mountainproject.com/route/114091531/bloodmutt', 'https://www.mountainproject.com/route/114091525/chin-chimney', 'https://www.mountainproject.com/route/115147993/coon-scat', 'https://www.mountainproject.com/route/114091504/digitalis', 'https://www.mountainproject.com/route/114091515/hellstrong', 'https://www.mountainproject.com/route/114091521/left-eye', 'https://www.mountainproject.com/route/115147938/slug-buddy']"
74,74,https://www.mountainproject.com/area/114142010/mrg-southeast-aka-darkside,mrg-southeast-aka-darkside,"['https://www.mountainproject.com/area/105994953/ohio', 'https://www.mountainproject.com/area/111817013/mad-river-gorge-nature-preserve']","['https://www.mountainproject.com/area/113224638/amusement-wall', 'https://www.mountainproject.com/area/113432445/back-alley', 'https://www.mountainproject.com/area/113224823/clear-creek-crag', 'https://www.mountainproject.com/area/113224848/dads-wall-aka-glass-buttress', 'https://www.mountainproject.com/area/114175261/dirty-little-boulder', 'https://www.mountainproject.com/area/113224791/fern-buttress', 'https://www.mountainproject.com/area/113330966/hippie-central', 'https://www.mountainproject.com/area/113224452/overpass-area', 'https://www.mountainproject.com/area/113330913/suburban-boulder']"
75,75,https://www.mountainproject.com/area/114142117/mrg-southwest-aka-taylor-property,mrg-southwest-aka-taylor-property,"['https://www.mountainproject.com/area/105994953/ohio', 'https://www.mountainproject.com/area/111817013/mad-river-gorge-nature-preserve']","['https://www.mountainproject.com/area/114167445/block-yard-boulders', 'https://www.mountainproject.com/area/114091482/mikes-wall-formerly-known-as-midway-wall', 'https://www.mountainproject.com/area/114484235/mufasas-gorge', 'https://www.mountainproject.com/area/114091540/rusty-ravine', 'https://www.mountainproject.com/area/113316264/ship-rock']"
76,76,https://www.mountainproject.com/area/113860710/squid-wall,squid-wall,"['https://www.mountainproject.com/area/105994953/ohio', 'https://www.mountainproject.com/area/113860231/mill-creek-metroparks', 'https://www.mountainproject.com/area/113860572/bears-den-cabin']","['https://www.mountainproject.com/route/113860826/jelly-fish', 'https://www.mountainproject.com/route/113864940/steps-taken-forward', 'https://www.mountainproject.com/route/113865169/strafe']"
77,77,https://www.mountainproject.com/area/113861174/the-broken-boulder,the-broken-boulder,"['https://www.mountainproject.com/area/105994953/ohio', 'https://www.mountainproject.com/area/113860231/mill-creek-metroparks', 'https://www.mountainproject.com/area/113860572/bears-den-cabin']","['https://www.mountainproject.com/route/113865453/refrain', 'https://www.mountainproject.com/route/113865322/sustain']"
78,78,https://www.mountainproject.com/area/113860572/bears-den-cabin,bears-den-cabin,"['https://www.mountainproject.com/area/105994953/ohio', 'https://www.mountainproject.com/area/113860231/mill-creek-metroparks']",['https://www.mountainproject.com/area/113861174/the-broken-boulder']
79,79,https://www.mountainproject.com/area/110536248/the-back-alley,the-back-alley,"['https://www.mountainproject.com/area/105994953/ohio', 'https://www.mountainproject.com/area/110536206/mosquito-alley']","['https://www.mountainproject.com/route/110536646/andrews-traverse', 'https://www.mountainproject.com/route/110536528/backseat-betty', 'https://www.mountainproject.com/route/110536592/lap-dance', 'https://www.mountainproject.com/route/110557319/trapline', 'https://www.mountainproject.com/route/110557329/trapline-sit-start']"
80,80,https://www.mountainproject.com/area/110536255/the-bonsai-wall-area,the-bonsai-wall-area,"['https://www.mountainproject.com/area/105994953/ohio', 'https://www.mountainproject.com/area/110536206/mosquito-alley']",['https://www.mountainproject.com/route/110538751/the-sting']
81,81,https://www.mountainproject.com/area/110536212/the-lounge,the-lounge,"['https://www.mountainproject.com/area/105994953/ohio', 'https://www.mountainproject.com/area/110536206/mosquito-alley']","['https://www.mountainproject.com/route/110536409/deet', 'https://www.mountainproject.com/route/110536441/jungle-fever', 'https://www.mountainproject.com/route/110536610/love-ninja', 'https://www.mountainproject.com/route/110536220/the-mosquito']"
82,82,https://www.mountainproject.com/area/107547861/harmony-wall,harmony-wall,"['https://www.mountainproject.com/area/105994953/ohio', 'https://www.mountainproject.com/area/107496085/paint-creek-state-park']","['https://www.mountainproject.com/route/108079413/ban-the-bomb', 'https://www.mountainproject.com/route/108079378/bearcat-chimney', 'https://www.mountainproject.com/route/107547864/buckeye-buttress', 'https://www.mountainproject.com/route/108079454/green-dargon', 'https://www.mountainproject.com/route/108079439/gumbys-gully', 'https://www.mountainproject.com/route/108079468/harmony-crack', 'https://www.mountainproject.com/route/108079505/lichen-it', 'https://www.mountainproject.com/route/107783704/mail-slot-direct', 'https://www.mountainproject.com/route/107783693/mail-slot-overhang', 'https://www.mountainproject.com/route/108049666/miami-wall', 'https://www.mountainproject.com/route/107783686/mickey-mantle', 'https://www.mountainproject.com/route/108079432/peacenik', 'https://www.mountainproject.com/route/108049626/red-hawk-arete', 'https://www.mountainproject.com/route/108079484/route-beer', 'https://www.mountainproject.com/route/108079397/shruti', 'https://www.mountainproject.com/route/108079495/who-forgot-the-jam']"
83,83,https://www.mountainproject.com/area/109941158/blue-ash-rec-center,blue-ash-rec-center,"['https://www.mountainproject.com/area/105994953/ohio', 'https://www.mountainproject.com/area/109938368/plastic']",[]
84,84,https://www.mountainproject.com/area/109938373/cleveland-rock-gym,cleveland-rock-gym,"['https://www.mountainproject.com/area/105994953/ohio', 'https://www.mountainproject.com/area/109938368/plastic']",[]
85,85,https://www.mountainproject.com/area/109938377/kendall-cliffs,kendall-cliffs,"['https://www.mountainproject.com/area/105994953/ohio', 'https://www.mountainproject.com/area/109938368/plastic']",[]
86,86,https://www.mountainproject.com/area/112301795/rock-mill,rock-mill,"['https://www.mountainproject.com/area/105994953/ohio', 'https://www.mountainproject.com/area/109938368/plastic']",[]
87,87,https://www.mountainproject.com/area/109938384/scioto-audobon-metro-park,scioto-audobon-metro-park,"['https://www.mountainproject.com/area/105994953/ohio', 'https://www.mountainproject.com/area/109938368/plastic']",[]
88,88,https://www.mountainproject.com/area/109941185/the-cave-rock-climbing-area,the-cave-rock-climbing-area,"['https://www.mountainproject.com/area/105994953/ohio', 'https://www.mountainproject.com/area/109938368/plastic']",[]
89,89,https://www.mountainproject.com/area/109960463/wright-state-university-climbing-wall,wright-state-university-climbing-wall,"['https://www.mountainproject.com/area/105994953/ohio', 'https://www.mountainproject.com/area/109938368/plastic']","['https://www.mountainproject.com/route/109970286/bumblebeetuna', 'https://www.mountainproject.com/route/109970297/wsu-crack']"
90,90,https://www.mountainproject.com/area/108180154/black-wall,black-wall,"['https://www.mountainproject.com/area/105994953/ohio', 'https://www.mountainproject.com/area/108179994/rising-park']","['https://www.mountainproject.com/route/108180237/poaching-in-the-sun', 'https://www.mountainproject.com/route/108180310/the-thin-black-line']"
91,91,https://www.mountainproject.com/area/109701875/diving-board-boulders,diving-board-boulders,"['https://www.mountainproject.com/area/105994953/ohio', 'https://www.mountainproject.com/area/109675740/salt-fork-state-park']","['https://www.mountainproject.com/route/109702090/crown-jewel', 'https://www.mountainproject.com/route/109701922/high-dive', 'https://www.mountainproject.com/route/109702032/poo-in-the-pool', 'https://www.mountainproject.com/route/109702207/stabin-shack']"
92,92,https://www.mountainproject.com/area/109682862/hozaks-cave-boulders,hozaks-cave-boulders,"['https://www.mountainproject.com/area/105994953/ohio', 'https://www.mountainproject.com/area/109675740/salt-fork-state-park']","['https://www.mountainproject.com/route/109682871/armada', 'https://www.mountainproject.com/route/109701853/dance-of-the-lady-boy', 'https://www.mountainproject.com/route/109682867/stumped']"
93,93,https://www.mountainproject.com/area/109675760/lakefront-boulders,lakefront-boulders,"['https://www.mountainproject.com/area/105994953/ohio', 'https://www.mountainproject.com/area/109675740/salt-fork-state-park']","['https://www.mountainproject.com/route/113475506/arrowhead-arete', 'https://www.mountainproject.com/route/113244171/aztec-warrior', 'https://www.mountainproject.com/route/109682741/bad-company', 'https://www.mountainproject.com/route/109682658/cloud-nine', 'https://www.mountainproject.com/route/114536663/fear-factor', 'https://www.mountainproject.com/route/109682732/good-fortune', 'https://www.mountainproject.com/route/113244780/have-horse-will-travel', 'https://www.mountainproject.com/route/109682750/hive-face', 'https://www.mountainproject.com/route/113244757/hodor', 'https://www.mountainproject.com/route/109682676/iron-arete', 'https://www.mountainproject.com/route/109682667/iron-resolve-project', 'https://www.mountainproject.com/route/109682692/iron-sides', 'https://www.mountainproject.com/route/109682711/jane-doe', 'https://www.mountainproject.com/route/109682699/john-doe', 'https://www.mountainproject.com/route/114488410/john-doe-traverse', 'https://www.mountainproject.com/route/113244358/rock-and-roll-fantasy', 'https://www.mountainproject.com/route/113228108/the-roost', 'https://www.mountainproject.com/route/113244790/tom-clancy-traverse']"
94,94,https://www.mountainproject.com/area/112852519/left-side,left-side,"['https://www.mountainproject.com/area/105994953/ohio', 'https://www.mountainproject.com/area/112849093/the-falls', 'https://www.mountainproject.com/area/112852513/the-courtyard']","['https://www.mountainproject.com/route/112934488/bobo-no-more', 'https://www.mountainproject.com/route/112872035/dreaming-of-the-nrg']"
95,95,https://www.mountainproject.com/area/112849539/rivers-run-boulders,rivers-run-boulders,"['https://www.mountainproject.com/area/105994953/ohio', 'https://www.mountainproject.com/area/112849093/the-falls']","['https://www.mountainproject.com/route/112849673/off-the-deck', 'https://www.mountainproject.com/route/112849654/rivers-run', 'https://www.mountainproject.com/route/112852003/shard-boulder', 'https://www.mountainproject.com/route/112852016/sliver', 'https://www.mountainproject.com/route/112852021/to-the-depths']"
96,96,https://www.mountainproject.com/area/112852513/the-courtyard,the-courtyard,"['https://www.mountainproject.com/area/105994953/ohio', 'https://www.mountainproject.com/area/112849093/the-falls']",[]
97,97,https://www.mountainproject.com/area/106600816/commitment-boulder,commitment-boulder,"['https://www.mountainproject.com/area/105994953/ohio', 'https://www.mountainproject.com/area/106600813/trailer-park-boulders']","['https://www.mountainproject.com/route/106600859/around-the-world', 'https://www.mountainproject.com/route/106600819/birds-nest', 'https://www.mountainproject.com/route/106600849/daws-jaws', 'https://www.mountainproject.com/route/106600854/dope-nosethree-times-a-lady', 'https://www.mountainproject.com/route/106600840/long-duck-dong', 'https://www.mountainproject.com/route/106600844/tarzan']"
98,98,https://www.mountainproject.com/area/106604594/daytrippin-wall,daytrippin-wall,"['https://www.mountainproject.com/area/105994953/ohio', 'https://www.mountainproject.com/area/106600813/trailer-park-boulders']","['https://www.mountainproject.com/route/106604614/daytrippin', 'https://www.mountainproject.com/route/106604604/with-a-brush-and-a-vengeance']"
99,99,https://www.mountainproject.com/area/114803875/bradys-bluff,bradys-bluff,"['https://www.mountainproject.com/area/105994953/ohio', 'https://www.mountainproject.com/area/114801088/tri-valley-wildlife-area']","['https://www.mountainproject.com/route/114810405/afternoon-delight', 'https://www.mountainproject.com/route/114810454/dunkn', 'https://www.mountainproject.com/route/114810324/lowball-rave', 'https://www.mountainproject.com/route/114803892/near-death-experience', 'https://www.mountainproject.com/route/114803984/puckerpray', 'https://www.mountainproject.com/route/114803938/something-fuky']"
100,100,https://www.mountainproject.com/area/114801129/mollies-rock,mollies-rock,"['https://www.mountainproject.com/area/105994953/ohio', 'https://www.mountainproject.com/area/114801088/tri-valley-wildlife-area']","['https://www.mountainproject.com/route/114803807/1886-arete', 'https://www.mountainproject.com/route/114801184/dckhead', 'https://www.mountainproject.com/route/114803529/dynoman', 'https://www.mountainproject.com/route/114801145/impaler', 'https://www.mountainproject.com/route/114803699/kill-shot', 'https://www.mountainproject.com/route/114801226/pussy', 'https://www.mountainproject.com/route/114803582/the-wave']"
101,101,https://www.mountainproject.com/area/111865055/viaduct-park-bouldering,viaduct-park-bouldering,"['https://www.mountainproject.com/area/105994953/ohio', 'https://www.mountainproject.com/area/108029944/viaduct-park']","['https://www.mountainproject.com/route/111865514/the-art-of-zen', 'https://www.mountainproject.com/route/111865477/dr-jones', 'https://www.mountainproject.com/route/111865598/fortune-and-glory', 'https://www.mountainproject.com/route/111865643/the-pharaoh', 'https://www.mountainproject.com/route/111865611/slug-bucket', 'https://www.mountainproject.com/route/111865058/snake-eyes', 'https://www.mountainproject.com/route/111865547/the-spider-dojo', 'https://www.mountainproject.com/route/111865539/steel-head', 'https://www.mountainproject.com/route/111865528/temple-of-hank', 'https://www.mountainproject.com/route/111865633/unnamed-v2', 'https://www.mountainproject.com/route/111865667/unnamed-v3', 'https://www.mountainproject.com/route/111865626/unnamed-v4']"
102,102,https://www.mountainproject.com/area/105995040/cripple-creek-boulder,cripple-creek-boulder,"['https://www.mountainproject.com/area/105994953/ohio', 'https://www.mountainproject.com/area/105992476/whipps-ledges', 'https://www.mountainproject.com/area/105995034/cripple-creek']",[]
103,103,https://www.mountainproject.com/area/105995037/skull-boulder,skull-boulder,"['https://www.mountainproject.com/area/105994953/ohio', 'https://www.mountainproject.com/area/105992476/whipps-ledges', 'https://www.mountainproject.com/area/105995034/cripple-creek']",[]
104,104,https://www.mountainproject.com/area/105992661/beer-can-alley,beer-can-alley,"['https://www.mountainproject.com/area/105994953/ohio', 'https://www.mountainproject.com/area/105992476/whipps-ledges']","['https://www.mountainproject.com/route/105995168/angels-arete', 'https://www.mountainproject.com/route/105995163/beer-can-alley-traverse', 'https://www.mountainproject.com/route/106917622/gumby-crack', 'https://www.mountainproject.com/route/105992664/ounce-and-a-half', 'https://www.mountainproject.com/route/105992671/racoon', 'https://www.mountainproject.com/route/111993351/southern-drawl', 'https://www.mountainproject.com/route/105995159/unkown-dyno', 'https://www.mountainproject.com/route/105995171/widow-maker']"
105,105,https://www.mountainproject.com/area/105994143/blade,blade,"['https://www.mountainproject.com/area/105994953/ohio', 'https://www.mountainproject.com/area/105992476/whipps-ledges']",['https://www.mountainproject.com/route/113378900/old-mans-variation']
106,106,https://www.mountainproject.com/area/105994146/bubbles,bubbles,"['https://www.mountainproject.com/area/105994953/ohio', 'https://www.mountainproject.com/area/105992476/whipps-ledges']",['https://www.mountainproject.com/route/105995155/bubble-bath']
107,107,https://www.mountainproject.com/area/105994094/christ-died,christ-died,"['https://www.mountainproject.com/area/105994953/ohio', 'https://www.mountainproject.com/area/105992476/whipps-ledges']","['https://www.mountainproject.com/route/105994111/appearing-handholds', 'https://www.mountainproject.com/route/105994106/christ-died', 'https://www.mountainproject.com/route/113505401/christ-died-arete', 'https://www.mountainproject.com/route/105994130/christ-died-crack', 'https://www.mountainproject.com/route/114442720/good-morning-sunshine', 'https://www.mountainproject.com/route/114442589/he-had-a-lot-to-say', 'https://www.mountainproject.com/route/113505381/nut-cracker', 'https://www.mountainproject.com/route/105994122/o-wall', 'https://www.mountainproject.com/route/105994115/owls-eyes', 'https://www.mountainproject.com/route/106648845/professional-chair-tester', 'https://www.mountainproject.com/route/113505439/shooting-star', 'https://www.mountainproject.com/route/113505412/short-crack', 'https://www.mountainproject.com/route/105994097/sunshine', 'https://www.mountainproject.com/route/105994101/sunshines-backside', 'https://www.mountainproject.com/route/107766002/unknown']"
108,108,https://www.mountainproject.com/area/105995051/cigarettes-after-sex,cigarettes-after-sex,"['https://www.mountainproject.com/area/105994953/ohio', 'https://www.mountainproject.com/area/105992476/whipps-ledges']","['https://www.mountainproject.com/route/105995054/cigarettes-after-sex', 'https://www.mountainproject.com/route/105995057/unnamed-traverse']"
109,109,https://www.mountainproject.com/area/105995034/cripple-creek,cripple-creek,"['https://www.mountainproject.com/area/105994953/ohio', 'https://www.mountainproject.com/area/105992476/whipps-ledges']",['https://www.mountainproject.com/area/105995040/cripple-creek-boulder']
110,110,https://www.mountainproject.com/area/105994614/finger-tips,finger-tips,"['https://www.mountainproject.com/area/105994953/ohio', 'https://www.mountainproject.com/area/105992476/whipps-ledges']",[]
111,111,https://www.mountainproject.com/area/105994168/ignoreland,ignoreland,"['https://www.mountainproject.com/area/105994953/ohio', 'https://www.mountainproject.com/area/105992476/whipps-ledges']","['https://www.mountainproject.com/route/105994171/back-scratcher', 'https://www.mountainproject.com/route/115143592/ignoramus', 'https://www.mountainproject.com/route/105994175/look-ma-no-hands', 'https://www.mountainproject.com/route/112166019/snakeskin', 'https://www.mountainproject.com/route/115143624/truth-is-the-way']"
112,112,https://www.mountainproject.com/area/105992481/island,island,"['https://www.mountainproject.com/area/105994953/ohio', 'https://www.mountainproject.com/area/105992476/whipps-ledges']","['https://www.mountainproject.com/route/105995175/7up', 'https://www.mountainproject.com/route/105992503/ape-traverse', 'https://www.mountainproject.com/route/105992494/the-arete', 'https://www.mountainproject.com/route/114443093/chinese-eyes', 'https://www.mountainproject.com/route/105992484/double-o', 'https://www.mountainproject.com/route/105992513/dunes', 'https://www.mountainproject.com/route/114448194/holding-space', 'https://www.mountainproject.com/route/105995150/island-access', 'https://www.mountainproject.com/route/105992683/the-orgator', 'https://www.mountainproject.com/route/105995141/phantom-fifth', 'https://www.mountainproject.com/route/114443139/runnin-laps', 'https://www.mountainproject.com/route/108326195/sandbox-arete', 'https://www.mountainproject.com/route/108326185/sandbox-direct', 'https://www.mountainproject.com/route/108338472/sandbox-skyline-traverse', 'https://www.mountainproject.com/route/105995145/sandy-ledges', 'https://www.mountainproject.com/route/105992508/scarpa']"
113,113,https://www.mountainproject.com/area/105994607/kansas-city-boulder-hueco,kansas-city-boulder-hueco,"['https://www.mountainproject.com/area/105994953/ohio', 'https://www.mountainproject.com/area/105992476/whipps-ledges']",['https://www.mountainproject.com/route/114448305/one-more-for-the-road']
114,114,https://www.mountainproject.com/area/105992549/main-wall,main-wall,"['https://www.mountainproject.com/area/105994953/ohio', 'https://www.mountainproject.com/area/105992476/whipps-ledges']","['https://www.mountainproject.com/route/113383258/and-now-for-something-completely-different', 'https://www.mountainproject.com/route/114477875/bp-varicion', 'https://www.mountainproject.com/route/105994090/banana', 'https://www.mountainproject.com/route/113383256/banana-center', 'https://www.mountainproject.com/route/113383253/banana-left', 'https://www.mountainproject.com/route/114477841/beyond-patagonia', 'https://www.mountainproject.com/route/105992599/burnout', 'https://www.mountainproject.com/route/105992565/buzzard', 'https://www.mountainproject.com/route/113383271/buzzard-direct', 'https://www.mountainproject.com/route/105994149/the-cave', 'https://www.mountainproject.com/route/105992553/the-crack', 'https://www.mountainproject.com/route/113389703/double-layback-crack', 'https://www.mountainproject.com/route/113389700/flakes', 'https://www.mountainproject.com/route/105995133/grooves', 'https://www.mountainproject.com/route/113383281/hate-route', 'https://www.mountainproject.com/route/113383242/jbn', 'https://www.mountainproject.com/route/105995118/keyhole-crack', 'https://www.mountainproject.com/route/114477885/the-land', 'https://www.mountainproject.com/route/114477862/the-land-arete-left', 'https://www.mountainproject.com/route/114477891/the-landing-arete', 'https://www.mountainproject.com/route/113383275/left-arete', 'https://www.mountainproject.com/route/105994084/patagonia', 'https://www.mountainproject.com/route/113389701/reach-for-the-sky', 'https://www.mountainproject.com/route/113383276/right-arete', 'https://www.mountainproject.com/route/105995114/sally-and-don', 'https://www.mountainproject.com/route/105995127/slots', 'https://www.mountainproject.com/route/105994157/smart-woman', 'https://www.mountainproject.com/route/105992577/snoopy', 'https://www.mountainproject.com/route/113383267/snoopy-center', 'https://www.mountainproject.com/route/113383264/snoopy-right', 'https://www.mountainproject.com/route/105994161/tall-man', 'https://www.mountainproject.com/route/105995122/tina-turner', 'https://www.mountainproject.com/route/113389704/warm-up-traverse', 'https://www.mountainproject.com/route/105992571/when-you-dance', 'https://www.mountainproject.com/route/108338481/you-break-it-you-break-it']"
115,115,https://www.mountainproject.com/area/114478721/many-faces,many-faces,"['https://www.mountainproject.com/area/105994953/ohio', 'https://www.mountainproject.com/area/105992476/whipps-ledges']","['https://www.mountainproject.com/route/114478747/aztec-walk', 'https://www.mountainproject.com/route/114478789/chossburger-arete', 'https://www.mountainproject.com/route/114478918/dont-eat-my-frog-hat', 'https://www.mountainproject.com/route/114606282/hartzlers-intravenous', 'https://www.mountainproject.com/route/115151421/native-american-pow-wow', 'https://www.mountainproject.com/route/114478769/on-the-backs-of-giants', 'https://www.mountainproject.com/route/114485652/two-percent', 'https://www.mountainproject.com/route/114485723/whole-melk']"
116,116,https://www.mountainproject.com/area/105994065/moonlight-buttress,moonlight-buttress,"['https://www.mountainproject.com/area/105994953/ohio', 'https://www.mountainproject.com/area/105992476/whipps-ledges']","['https://www.mountainproject.com/route/105994068/journey-to-the-sun', 'https://www.mountainproject.com/route/105994080/moonlight', 'https://www.mountainproject.com/route/105994077/swingles', 'https://www.mountainproject.com/route/105994074/ultimate-journey']"
117,117,https://www.mountainproject.com/area/114606082/padua-wall,padua-wall,"['https://www.mountainproject.com/area/105994953/ohio', 'https://www.mountainproject.com/area/105992476/whipps-ledges']",['https://www.mountainproject.com/route/114606143/feather-bone-and-glass']
118,118,https://www.mountainproject.com/area/114448247/rest-stop-boulder,rest-stop-boulder,"['https://www.mountainproject.com/area/105994953/ohio', 'https://www.mountainproject.com/area/105992476/whipps-ledges']",['https://www.mountainproject.com/route/114448253/walking-through-the-park']
119,119,https://www.mountainproject.com/area/105995065/tombstone,tombstone,"['https://www.mountainproject.com/area/105994953/ohio', 'https://www.mountainproject.com/area/105992476/whipps-ledges']",['https://www.mountainproject.com/route/105995069/unknown-name']
120,120,https://www.mountainproject.com/area/105995047/yellow-wall,yellow-wall,"['https://www.mountainproject.com/area/105994953/ohio', 'https://www.mountainproject.com/area/105992476/whipps-ledges']","['https://www.mountainproject.com/route/113905735/parker-i-just-met-her', 'https://www.mountainproject.com/route/113359243/unnamed-1', 'https://www.mountainproject.com/route/113359552/unnamed-2']"
121,121,https://www.mountainproject.com/area/114442572/zs-blue-grunks-wall,zs-blue-grunks-wall,"['https://www.mountainproject.com/area/105994953/ohio', 'https://www.mountainproject.com/area/105992476/whipps-ledges']","['https://www.mountainproject.com/route/114451855/first-time-mang', 'https://www.mountainproject.com/route/114442873/flag-routine', 'https://www.mountainproject.com/route/114443015/new-wave-veriacion-mang', 'https://www.mountainproject.com/route/114442702/otterfall', 'https://www.mountainproject.com/route/114442618/zs-route-mamas-baby']"
122,122,https://www.mountainproject.com/area/108160138/athens,athens,['https://www.mountainproject.com/area/105994953/ohio'],"['https://www.mountainproject.com/area/112099727/coad-boulders', 'https://www.mountainproject.com/area/108160145/witches-back']"
123,123,https://www.mountainproject.com/area/108183469/baker-run-marietta-ohio,baker-run-marietta-ohio,['https://www.mountainproject.com/area/105994953/ohio'],"['https://www.mountainproject.com/route/113234219/backside-blue', 'https://www.mountainproject.com/route/113234226/backside-red', 'https://www.mountainproject.com/route/113233893/easter-island-blue', 'https://www.mountainproject.com/route/113233900/easter-island-green', 'https://www.mountainproject.com/route/113233883/easter-island-pink', 'https://www.mountainproject.com/route/113234127/master-slabster', 'https://www.mountainproject.com/route/113234012/slab-blue', 'https://www.mountainproject.com/route/113233981/slab-green', 'https://www.mountainproject.com/route/113233926/slab-pink', 'https://www.mountainproject.com/route/113234210/slab-right', 'https://www.mountainproject.com/route/113233966/slab-yellow', 'https://www.mountainproject.com/route/113233938/slabs-are-people-too']"
124,124,https://www.mountainproject.com/area/108132073/beach-city-nature-preserve,beach-city-nature-preserve,['https://www.mountainproject.com/area/105994953/ohio'],"['https://www.mountainproject.com/area/108132082/big-wall', 'https://www.mountainproject.com/area/108132198/dundee-falls-corner']"
125,125,https://www.mountainproject.com/area/112101806/berea-falls,berea-falls,['https://www.mountainproject.com/area/105994953/ohio'],"['https://www.mountainproject.com/route/112101822/cheese-grator', 'https://www.mountainproject.com/route/112101868/crackhead-clam', 'https://www.mountainproject.com/route/112232091/gieco-cavemans-cave', 'https://www.mountainproject.com/route/112114964/iron-nipple', 'https://www.mountainproject.com/route/112110153/kick-back-sum-cold-ones', 'https://www.mountainproject.com/route/112110191/shallow-water-dyno', 'https://www.mountainproject.com/route/112230451/tweedle-deah']"
126,126,https://www.mountainproject.com/area/105994179/cascade-elywood-park-elyria,cascade-elywood-park-elyria,['https://www.mountainproject.com/area/105994953/ohio'],"['https://www.mountainproject.com/area/105994269/the-bulbster-boulder', 'https://www.mountainproject.com/area/105994254/entrance-boulder', 'https://www.mountainproject.com/area/105994257/grey-paint', 'https://www.mountainproject.com/area/105994260/orogeny']"
127,127,https://www.mountainproject.com/area/107883627/cascade-park-elyria,cascade-park-elyria,['https://www.mountainproject.com/area/105994953/ohio'],[]
128,128,https://www.mountainproject.com/area/107621119/centerville-mills,centerville-mills,['https://www.mountainproject.com/area/105994953/ohio'],['https://www.mountainproject.com/route/107621126/half-n-half-ladies']
129,129,https://www.mountainproject.com/area/105994274/chippewa-creek,chippewa-creek,['https://www.mountainproject.com/area/105994953/ohio'],"['https://www.mountainproject.com/area/105995182/downstream', 'https://www.mountainproject.com/area/110573151/the-hanger', 'https://www.mountainproject.com/area/105995179/midstream', 'https://www.mountainproject.com/area/105995185/upstream']"
130,130,https://www.mountainproject.com/area/110035813/columbia-park-ice,columbia-park-ice,['https://www.mountainproject.com/area/105994953/ohio'],['https://www.mountainproject.com/route/110035825/my-first-time']
131,131,https://www.mountainproject.com/area/109741420/cuyahoga-falls-glens,cuyahoga-falls-glens,['https://www.mountainproject.com/area/105994953/ohio'],"['https://www.mountainproject.com/route/109742903/calculus', 'https://www.mountainproject.com/route/109742867/diamond-in-the-rough', 'https://www.mountainproject.com/route/109742907/diff-eq', 'https://www.mountainproject.com/route/109742891/flatface', 'https://www.mountainproject.com/route/109743038/gates-of-heaven', 'https://www.mountainproject.com/route/109742877/geometry', 'https://www.mountainproject.com/route/109742921/hang-on', 'https://www.mountainproject.com/route/109742899/iron-woodle', 'https://www.mountainproject.com/route/109743027/ironface', 'https://www.mountainproject.com/route/109742886/junebug', 'https://www.mountainproject.com/route/109742871/long-walk', 'https://www.mountainproject.com/route/109742895/texas', 'https://www.mountainproject.com/route/109742882/trigonometry', 'https://www.mountainproject.com/route/109743032/tuck-everlasting', 'https://www.mountainproject.com/route/109742861/two-face', 'https://www.mountainproject.com/route/109742912/two-step', 'https://www.mountainproject.com/route/109742917/unsafe']"
132,132,https://www.mountainproject.com/area/109669685/cuyahoga-falls-gorge,cuyahoga-falls-gorge,['https://www.mountainproject.com/area/105994953/ohio'],"['https://www.mountainproject.com/route/109717585/batman', 'https://www.mountainproject.com/route/109717607/bus-stop', 'https://www.mountainproject.com/route/109717431/donatello', 'https://www.mountainproject.com/route/109717413/gamma-ray', 'https://www.mountainproject.com/route/109717463/krak', 'https://www.mountainproject.com/route/109717637/magma', 'https://www.mountainproject.com/route/109717663/momma', 'https://www.mountainproject.com/route/109717677/mommas-booty', 'https://www.mountainproject.com/route/109717477/north-face', 'https://www.mountainproject.com/route/109715200/notebook', 'https://www.mountainproject.com/route/109717621/peanut-butter-and-jelly', 'https://www.mountainproject.com/route/109717596/robin', 'https://www.mountainproject.com/route/109669715/secret-sandbox-area', 'https://www.mountainproject.com/route/109717631/snapper', 'https://www.mountainproject.com/route/109715191/south-face', 'https://www.mountainproject.com/route/109717646/stradivarius', 'https://www.mountainproject.com/route/109717657/triangle', 'https://www.mountainproject.com/route/109717438/walk-in-the-park', 'https://www.mountainproject.com/route/109715083/warhol-area', 'https://www.mountainproject.com/route/109717448/where-the-sidewalk-ends', 'https://www.mountainproject.com/route/109717484/zorton']"
133,133,https://www.mountainproject.com/area/114800654/dillon-lakeside,dillon-lakeside,['https://www.mountainproject.com/area/105994953/ohio'],"['https://www.mountainproject.com/route/114800881/creeky', 'https://www.mountainproject.com/route/114800671/dirtbags-and-dragons', 'https://www.mountainproject.com/route/114800699/dynowing', 'https://www.mountainproject.com/route/114810807/mammoth', 'https://www.mountainproject.com/route/114800777/slip-n-slide', 'https://www.mountainproject.com/route/115123281/snowblind', 'https://www.mountainproject.com/route/114800854/tarantula', 'https://www.mountainproject.com/route/114810672/trillzilla']"
134,134,https://www.mountainproject.com/area/107664484/doan-brook,doan-brook,['https://www.mountainproject.com/area/105994953/ohio'],"['https://www.mountainproject.com/route/111792177/daphodil', 'https://www.mountainproject.com/route/111792131/geranium', 'https://www.mountainproject.com/route/111792099/pocketsand', 'https://www.mountainproject.com/route/111792185/snapdragon', 'https://www.mountainproject.com/route/110243820/unknown']"
135,135,https://www.mountainproject.com/area/106021211/eden-park,eden-park,['https://www.mountainproject.com/area/105994953/ohio'],"['https://www.mountainproject.com/area/112286458/the-east-wall', 'https://www.mountainproject.com/area/112286529/mirror-pond-wall', 'https://www.mountainproject.com/area/112286485/the-west-wall']"
136,136,https://www.mountainproject.com/area/105995005/hocking-hills-state-forest,hocking-hills-state-forest,['https://www.mountainproject.com/area/105994953/ohio'],"['https://www.mountainproject.com/area/106551736/big-spring-hollowconkles-hollow', 'https://www.mountainproject.com/area/109949640/cascada-boulders', 'https://www.mountainproject.com/area/109085919/dolomedes-wall', 'https://www.mountainproject.com/area/109953019/gearshift-area', 'https://www.mountainproject.com/area/109949359/rectangle-rock', 'https://www.mountainproject.com/area/109953198/shipwreck-area', 'https://www.mountainproject.com/area/109959751/sunshine-valley']"
137,137,https://www.mountainproject.com/area/106211906/john-bryan-state-park,john-bryan-state-park,['https://www.mountainproject.com/area/105994953/ohio'],"['https://www.mountainproject.com/route/109240085/black-left', 'https://www.mountainproject.com/route/109240090/black-right', 'https://www.mountainproject.com/route/106905611/blue', 'https://www.mountainproject.com/route/109240048/blue-left', 'https://www.mountainproject.com/route/109240058/blue-right', 'https://www.mountainproject.com/route/109956748/bubble-butt', 'https://www.mountainproject.com/route/107792272/green', 'https://www.mountainproject.com/route/109240064/green-left', 'https://www.mountainproject.com/route/109240069/green-right', 'https://www.mountainproject.com/route/109956733/hug-me-once-shame-on-you-hug-me-twice-shame-on-me', 'https://www.mountainproject.com/route/109606983/mavericks-boulder-gleaming-the-tube-v3', 'https://www.mountainproject.com/route/109550167/mavericks-boulder-pulling-tubes-v6', 'https://www.mountainproject.com/route/109606815/mavericks-boulder-ripping-waves', 'https://www.mountainproject.com/route/113863828/midas', 'https://www.mountainproject.com/route/109240094/orange-left', 'https://www.mountainproject.com/route/109240101/orange-right', 'https://www.mountainproject.com/route/115373660/over-the-river-and-through-the-woods', 'https://www.mountainproject.com/route/113870543/palm-reading', 'https://www.mountainproject.com/route/107781739/pink', 'https://www.mountainproject.com/route/109240075/pink-left', 'https://www.mountainproject.com/route/109240079/pink-middle', 'https://www.mountainproject.com/route/109956766/pride-rock-boulder-swamp-ass', 'https://www.mountainproject.com/route/107762049/red', 'https://www.mountainproject.com/route/109240043/red-left', 'https://www.mountainproject.com/route/109240036/red-middle', 'https://www.mountainproject.com/route/108025087/yellow', 'https://www.mountainproject.com/route/109240106/yellow-left', 'https://www.mountainproject.com/route/109240110/yellow-middle', 'https://www.mountainproject.com/route/113172559/the-other-proj', 'https://www.mountainproject.com/route/113138243/the-proj']"
138,138,https://www.mountainproject.com/area/112501481/kiedaisch-point,kiedaisch-point,['https://www.mountainproject.com/area/105994953/ohio'],"['https://www.mountainproject.com/route/112510091/battle-of-the-bulge', 'https://www.mountainproject.com/route/112515385/blood-stains-and-beers', 'https://www.mountainproject.com/route/112515293/classic-devo', 'https://www.mountainproject.com/route/113775004/crumb-snatcher', 'https://www.mountainproject.com/route/112515319/dirtyasscrack', 'https://www.mountainproject.com/route/112501606/hannibal-lecter', 'https://www.mountainproject.com/route/112515361/harper-rose', 'https://www.mountainproject.com/route/112510161/milk-money', 'https://www.mountainproject.com/route/112510189/ohanna', 'https://www.mountainproject.com/route/112515277/poise-ivy', 'https://www.mountainproject.com/route/112515264/poison-oak', 'https://www.mountainproject.com/route/112510205/rainy-day', 'https://www.mountainproject.com/route/112510270/sargent-hartman', 'https://www.mountainproject.com/route/112505541/spider-cove', 'https://www.mountainproject.com/route/112515342/suckubus', 'https://www.mountainproject.com/route/112501643/zumunda', 'https://www.mountainproject.com/route/112515376/apple-from-the-tree', 'https://www.mountainproject.com/route/112510255/tannasity', 'https://www.mountainproject.com/route/112510225/unnamed', 'https://www.mountainproject.com/route/112515306/unnamed-offwidth', 'https://www.mountainproject.com/route/112510028/violation']"
139,139,https://www.mountainproject.com/area/108007898/lake-vesuvius,lake-vesuvius,['https://www.mountainproject.com/area/105994953/ohio'],"['https://www.mountainproject.com/area/108294415/baseball-field', 'https://www.mountainproject.com/area/108007924/the-dam', 'https://www.mountainproject.com/area/112480816/lake-vesuvius-bouldering', 'https://www.mountainproject.com/area/114172359/parking-lot-boulders']"
140,140,https://www.mountainproject.com/area/112876394/liberty-park-recreation-area,liberty-park-recreation-area,['https://www.mountainproject.com/area/105994953/ohio'],[]
141,141,https://www.mountainproject.com/area/105916080/logtown,logtown,['https://www.mountainproject.com/area/105994953/ohio'],"['https://www.mountainproject.com/area/106061615/big-cliffs', 'https://www.mountainproject.com/area/110386963/the-front-wall', 'https://www.mountainproject.com/area/106423175/left-main-wall', 'https://www.mountainproject.com/area/106061519/the-middle-cliff', 'https://www.mountainproject.com/area/110770293/nightmare-wall', 'https://www.mountainproject.com/area/107252801/the-pit', 'https://www.mountainproject.com/area/105959736/right-main-wall', 'https://www.mountainproject.com/area/105959429/testing-area']"
142,142,https://www.mountainproject.com/area/111817013/mad-river-gorge-nature-preserve,mad-river-gorge-nature-preserve,['https://www.mountainproject.com/area/105994953/ohio'],['https://www.mountainproject.com/area/114142010/mrg-southeast-aka-darkside']
143,143,https://www.mountainproject.com/area/107045929/marne-road-wall,marne-road-wall,['https://www.mountainproject.com/area/105994953/ohio'],"['https://www.mountainproject.com/route/115391380/sport-1', 'https://www.mountainproject.com/route/115391345/variation-1']"
144,144,https://www.mountainproject.com/area/113860231/mill-creek-metroparks,mill-creek-metroparks,['https://www.mountainproject.com/area/105994953/ohio'],[]
145,145,https://www.mountainproject.com/area/110536206/mosquito-alley,mosquito-alley,['https://www.mountainproject.com/area/105994953/ohio'],"['https://www.mountainproject.com/area/110536248/the-back-alley', 'https://www.mountainproject.com/area/110536255/the-bonsai-wall-area']"
146,146,https://www.mountainproject.com/area/106211900/ohio-ice-and-mixed,ohio-ice-and-mixed,['https://www.mountainproject.com/area/105994953/ohio'],['https://www.mountainproject.com/route/107036913/big-spring-left']
147,147,https://www.mountainproject.com/area/107496085/paint-creek-state-park,paint-creek-state-park,['https://www.mountainproject.com/area/105994953/ohio'],[]
148,148,https://www.mountainproject.com/area/111621370/phat-rocks,phat-rocks,['https://www.mountainproject.com/area/105994953/ohio'],"['https://www.mountainproject.com/route/114235092/honeycomb-hang', 'https://www.mountainproject.com/route/114254408/split-lip']"
149,149,https://www.mountainproject.com/area/109938368/plastic,plastic,['https://www.mountainproject.com/area/105994953/ohio'],"['https://www.mountainproject.com/area/109941158/blue-ash-rec-center', 'https://www.mountainproject.com/area/109941185/the-cave-rock-climbing-area', 'https://www.mountainproject.com/area/109938373/cleveland-rock-gym', 'https://www.mountainproject.com/area/109938377/kendall-cliffs', 'https://www.mountainproject.com/area/112301795/rock-mill', 'https://www.mountainproject.com/area/109938384/scioto-audobon-metro-park']"
150,150,https://www.mountainproject.com/area/108179994/rising-park,rising-park,['https://www.mountainproject.com/area/105994953/ohio'],[]
151,151,https://www.mountainproject.com/area/109675740/salt-fork-state-park,salt-fork-state-park,['https://www.mountainproject.com/area/105994953/ohio'],"['https://www.mountainproject.com/area/109701875/diving-board-boulders', 'https://www.mountainproject.com/area/109682862/hozaks-cave-boulders']"
152,152,https://www.mountainproject.com/area/107289211/scioto-audobon-climbing-wall,scioto-audobon-climbing-wall,['https://www.mountainproject.com/area/105994953/ohio'],"['https://www.mountainproject.com/route/112419209/cling-in-the-new-year', 'https://www.mountainproject.com/route/108370655/the-hotdog-palace', 'https://www.mountainproject.com/route/108341115/jenis-double-dip', 'https://www.mountainproject.com/route/114227581/long-distance-relationship', 'https://www.mountainproject.com/route/108371459/pattycakes-muffin-top', 'https://www.mountainproject.com/route/110468519/planks-special', 'https://www.mountainproject.com/route/108335006/saturday-at-the-shoe', 'https://www.mountainproject.com/route/108370686/smoking-joes-crust', 'https://www.mountainproject.com/route/108370764/surly-girl', 'https://www.mountainproject.com/route/108370640/the-thurmanator', 'https://www.mountainproject.com/route/108371531/the-towering-inferno', 'https://www.mountainproject.com/route/109956245/undisputed-champs', 'https://www.mountainproject.com/route/108341065/yogi-bear-shuffle']"
153,153,https://www.mountainproject.com/area/105894722/squaw-rock,squaw-rock,['https://www.mountainproject.com/area/105994953/ohio'],[]
154,154,https://www.mountainproject.com/area/114800206/stone-church,stone-church,['https://www.mountainproject.com/area/105994953/ohio'],"['https://www.mountainproject.com/route/114800335/amoeba', 'https://www.mountainproject.com/route/114800449/big-tex', 'https://www.mountainproject.com/route/114800225/crimp-city', 'https://www.mountainproject.com/route/114800502/jeffs-arete', 'https://www.mountainproject.com/route/114800515/jeffs-thingy', 'https://www.mountainproject.com/route/114800425/lil-tex', 'https://www.mountainproject.com/route/114800375/longhorn', 'https://www.mountainproject.com/route/114800292/pimp-city', 'https://www.mountainproject.com/route/114800539/randy-traverse', 'https://www.mountainproject.com/route/114800484/snail-rail', 'https://www.mountainproject.com/route/114800264/voodoo', 'https://www.mountainproject.com/route/114800577/white-noise']"
155,155,https://www.mountainproject.com/area/112849093/the-falls,the-falls,['https://www.mountainproject.com/area/105994953/ohio'],['https://www.mountainproject.com/area/112852513/the-courtyard']
156,156,https://www.mountainproject.com/area/107699892/thompson-ledges,thompson-ledges,['https://www.mountainproject.com/area/105994953/ohio'],[]
157,157,https://www.mountainproject.com/area/106600813/trailer-park-boulders,trailer-park-boulders,['https://www.mountainproject.com/area/105994953/ohio'],['https://www.mountainproject.com/area/106600816/commitment-boulder']
158,158,https://www.mountainproject.com/area/114801088/tri-valley-wildlife-area,tri-valley-wildlife-area,['https://www.mountainproject.com/area/105994953/ohio'],['https://www.mountainproject.com/area/114803875/bradys-bluff']
159,159,https://www.mountainproject.com/area/107522447/veterans-park-springfield-oh,veterans-park-springfield-oh,['https://www.mountainproject.com/area/105994953/ohio'],"['https://www.mountainproject.com/route/109226388/black-lung', 'https://www.mountainproject.com/route/110694401/capt-crunch', 'https://www.mountainproject.com/route/110694240/col-mustard', 'https://www.mountainproject.com/route/107522464/dirty-blonde-1a', 'https://www.mountainproject.com/route/107522487/douchebags-folly-1c', 'https://www.mountainproject.com/route/109243159/grease-lightening', 'https://www.mountainproject.com/route/110451207/major-payne-stewart', 'https://www.mountainproject.com/route/113229126/no-pain-no-gain', 'https://www.mountainproject.com/route/110699732/pvt-benjamin', 'https://www.mountainproject.com/route/109226517/rusty-pin', 'https://www.mountainproject.com/route/107522505/toofless-wonder-1b', 'https://www.mountainproject.com/route/109226412/wild-iris', 'https://www.mountainproject.com/route/109907973/pocket-watch']"
160,160,https://www.mountainproject.com/area/108029944/viaduct-park,viaduct-park,['https://www.mountainproject.com/area/105994953/ohio'],[]
161,161,https://www.mountainproject.com/area/108837900/waku-boulders-marietta,waku-boulders-marietta,['https://www.mountainproject.com/area/105994953/ohio'],"['https://www.mountainproject.com/route/108867094/alien-red', 'https://www.mountainproject.com/route/108867219/anvil-center-left-yellow', 'https://www.mountainproject.com/route/109006944/cracks-so-easy-blue', 'https://www.mountainproject.com/route/108867076/fern-ridge-blue', 'https://www.mountainproject.com/route/109006928/fern-ridge-red', 'https://www.mountainproject.com/route/110243776/first-ramp', 'https://www.mountainproject.com/route/109226112/id-top-that-red', 'https://www.mountainproject.com/route/108867102/instant-winner-blue', 'https://www.mountainproject.com/route/108867213/instant-winner-yellow', 'https://www.mountainproject.com/route/109226056/long-haul', 'https://www.mountainproject.com/route/109226157/pacman-direct-red', 'https://www.mountainproject.com/route/110243740/pacman-left-arete-blue', 'https://www.mountainproject.com/route/110243766/pacman-right-arete-yellow', 'https://www.mountainproject.com/route/110243805/unnamed-blue', 'https://www.mountainproject.com/route/110243788/unnamed-red']"
162,162,https://www.mountainproject.com/area/105992476/whipps-ledges,whipps-ledges,['https://www.mountainproject.com/area/105994953/ohio'],"['https://www.mountainproject.com/area/105992661/beer-can-alley', 'https://www.mountainproject.com/area/105994143/blade', 'https://www.mountainproject.com/area/105994146/bubbles', 'https://www.mountainproject.com/area/105994094/christ-died', 'https://www.mountainproject.com/area/105995051/cigarettes-after-sex', 'https://www.mountainproject.com/area/105995034/cripple-creek', 'https://www.mountainproject.com/area/105994614/finger-tips', 'https://www.mountainproject.com/area/105994168/ignoreland', 'https://www.mountainproject.com/area/105992481/island', 'https://www.mountainproject.com/area/105994607/kansas-city-boulder-hueco', 'https://www.mountainproject.com/area/105992549/main-wall', 'https://www.mountainproject.com/area/114478721/many-faces', 'https://www.mountainproject.com/area/105994065/moonlight-buttress', 'https://www.mountainproject.com/area/114606082/padua-wall', 'https://www.mountainproject.com/area/114448247/rest-stop-boulder', 'https://www.mountainproject.com/area/105995065/tombstone', 'https://www.mountainproject.com/area/105995047/yellow-wall']"
